{"_AXIS_ENTRY_FILE": "input4MIPs_coordinate.json", "_FORMULA_VAR_FILE": "input4MIPs_formula_terms.json", "_control_vocabulary_file": "input4MIPs_CV.json", "_history_template": "%s; CMOR rewrote data to be consistent with <activity_id>, CMIP6, and <Conventions> standards", "activity_id": "input4MIPs", "calendar": "gregorian", "comment": "Based on JRA-55 reanalysis (1958-01 to 2018-01)", "contact ": "Hiroyuki Tsujino (htsujino@mri-jma.go.jp)", "dataset_category": "atmosphericState", "dataset_version_number": "1.3.0", "frequency": "3hrPt", "further_info_url": "http://jra.kishou.go.jp/JRA-55/index_en.html", "grid": "0.5x0.5 degree latitude x longitude", "grid_label": "gn", "institution_id": "MRI", "license": "OMIP boundary condition data produced by MRI is licensed under a Creative Commons Attribution-[NonCommercial-]ShareAlike 4.0 International License (https://creativecommons.org/licenses). Consult https://pcmdi.llnl.gov/CMIP6/TermsOfUse for terms of use governing input4MIPs output, including citation requirements and proper acknowledgment. Further information about this data, including some limitations, can be found via the further_info_url (recorded as a global attribute in this file). The data producers and data providers make no warranty, either express or implied, including, but not limited to, warranties of merchantability and fitness for a particular purpose. All liabilities arising from the supply of the information (including any liability arising in negligence) are excluded to the fullest extent permitted by law.", "nominal_resolution": "50 km", "outpath": ".", "output_file_template": "<variable_id><activity_id><dataset_category><target_mip><source_id><grid_label>", "output_path_template": "<activity_id><mip_era><target_mip><institution_id><source_id><realm><frequency><variable_id><grid_label><version>", "product": "reanalysis", "realm": "ocean", "references": "Tsujino et al., 2018: JRA-55 based surface dataset for driving ocean-sea-ice models (JRA55-do), Ocean Modelling, in review", "region": "global_ocean", "source": "MRI JRA55-do 1.3: Atmospheric state generated for OMIP based on the MRI JRA-55 reanalysis", "source_id": "MRI-JRA55-do-1-3", "target_mip": "OMIP", "title": "MRI JRA55-do 1.3 dataset prepared for input4MIPs", "tracking_prefix": "hdl:21.14100"}