{
    "Header":{
        "Conventions":"CF-1.7 CMIP-6.2",
        "approx_interval":"0.125000",
        "cmor_version":"3.4",
        "data_specs_version":"01.00.29",
        "generic_levels":"",
        "int_missing_value":"-999",
        "mip_era":"CMIP6",
        "missing_value":"1e20",
        "product":"input4MIPs",
        "realm":"atmos",
        "table_date":"07 March 2019",
        "table_id":"Table input4MIPs_A3hrPt"
    },
    "variable_entry":{
        "huss":{
            "cell_measures":"area: areacella",
            "cell_methods":"area: mean time: point",
            "comment":"Near-surface (usually, 2 meter) specific humidity",
            "dimensions":"longitude latitude time1 height2m",
            "frequency":"3hrPt",
            "long_name":"Near-Surface Specific Humidity",
            "modeling_realm":"atmos",
            "ok_max_mean_abs":"",
            "ok_min_mean_abs":"",
            "out_name":"huss",
            "positive":"",
            "standard_name":"specific_humidity",
            "type":"real",
            "units":"1",
            "valid_max":"",
            "valid_min":""
        },
        "psl":{
            "cell_measures":"area: areacella",
            "cell_methods":"area: mean time: point",
            "comment":"Sea Level Pressure",
            "dimensions":"longitude latitude time1",
            "frequency":"3hrPt",
            "long_name":"Sea Level Pressure",
            "modeling_realm":"atmos",
            "ok_max_mean_abs":"",
            "ok_min_mean_abs":"",
            "out_name":"psl",
            "positive":"",
            "standard_name":"air_pressure_at_mean_sea_level",
            "type":"real",
            "units":"Pa",
            "valid_max":"",
            "valid_min":""
        },
        "tas":{
            "cell_measures":"area: areacella",
            "cell_methods":"area: mean time: point",
            "comment":"near-surface (usually, 2 meter) air temperature",
            "dimensions":"longitude latitude time1 height2m",
            "frequency":"3hrPt",
            "long_name":"Near-Surface Air Temperature",
            "modeling_realm":"atmos",
            "ok_max_mean_abs":"",
            "ok_min_mean_abs":"",
            "out_name":"tas",
            "positive":"",
            "standard_name":"air_temperature",
            "type":"real",
            "units":"K",
            "valid_max":"",
            "valid_min":""
        },
        "ts":{
            "cell_measures":"area: areacella",
            "cell_methods":"area: mean time: point",
            "comment":"Temperature of the lower boundary of the atmosphere",
            "dimensions":"longitude latitude time1",
            "frequency":"3hrPt",
            "long_name":"Surface Temperature",
            "modeling_realm":"atmos",
            "ok_max_mean_abs":"",
            "ok_min_mean_abs":"",
            "out_name":"ts",
            "positive":"",
            "standard_name":"surface_temperature",
            "type":"real",
            "units":"K",
            "valid_max":"",
            "valid_min":""
        },
        "uas":{
            "cell_measures":"area: areacella",
            "cell_methods":"area: mean time: point",
            "comment":"Eastward component of the near-surface wind",
            "dimensions":"longitude latitude time1 height10m",
            "frequency":"3hrPt",
            "long_name":"Eastward Near-Surface Wind",
            "modeling_realm":"atmos",
            "ok_max_mean_abs":"",
            "ok_min_mean_abs":"",
            "out_name":"uas",
            "positive":"",
            "standard_name":"eastward_wind",
            "type":"real",
            "units":"m s-1",
            "valid_max":"",
            "valid_min":""
        },
        "vas":{
            "cell_measures":"area: areacella",
            "cell_methods":"area: mean time: point",
            "comment":"Northward component of the near surface wind",
            "dimensions":"longitude latitude time1 height10m",
            "frequency":"3hrPt",
            "long_name":"Northward Near-Surface Wind",
            "modeling_realm":"atmos",
            "ok_max_mean_abs":"",
            "ok_min_mean_abs":"",
            "out_name":"vas",
            "positive":"",
            "standard_name":"northward_wind",
            "type":"real",
            "units":"m s-1",
            "valid_max":"",
            "valid_min":""
        }
    }
}