{
    "CV":{
        "activity_id":[
            "input4MIPs"
        ],
        "dataset_category":[
            "GHGConcentrations",
            "SSTsAndSeaIce",
            "aerosolProperties",
            "atmosphericState",
            "emissions",
            "landState",
            "ozone",
            "radiation",
            "solar",
            "surfaceAir",
            "surfaceFluxes"
        ],
        "frequency":{
            "1hr":"sampled hourly",
            "1hrCM":"monthly-mean diurnal cycle resolving each day into 1-hour means",
            "1hrPt":"sampled hourly, at specified time point within an hour",
            "3hr":"sampled every 3 hours",
            "3hrPt":"sampled 3 hourly, at specified time point within the time period",
            "6hr":"sampled every 6 hours",
            "6hrPt":"sampled 6 hourly, at specified time point within the time period",
            "day":"daily mean samples",
            "dec":"decadal mean samples",
            "fx":"fixed (time invariant) field",
            "mon":"monthly mean samples",
            "monC":"monthly climatology computed from monthly mean samples",
            "monPt":"sampled monthly, at specified time point within the time period",
            "subhrPt":"sampled sub-hourly, at specified time point within an hour",
            "yr":"annual mean samples",
            "yrC":"annual climatology computed from annual mean samples",
            "yrPt":"sampled yearly, at specified time point within the time period"
        },
        "grid_label":{
            "gm":"global mean data",
            "gn":"data reported on a model's native grid",
            "gna":"data reported on a native grid in the region of Antarctica",
            "gng":"data reported on a native grid in the region of Greenland",
            "gnz":"zonal mean data reported on a model's native latitude grid",
            "gr":"regridded data reported on the data provider's preferred target grid",
            "gr1":"regridded data reported on a grid other than the native grid and other than the preferred target grid",
            "gr1a":"regridded data reported in the region of Antarctica on a grid other than the native grid and other than the preferred target grid",
            "gr1g":"regridded data reported in the region of Greenland on a grid other than the native grid and other than the preferred target grid",
            "gr1z":"regridded zonal mean data reported on a grid other than the native latitude grid and other than the preferred latitude target grid",
            "gr2":"regridded data reported on a grid other than the native grid and other than the preferred target grid",
            "gr2a":"regridded data reported in the region of Antarctica on a grid other than the native grid and other than the preferred target grid",
            "gr2g":"regridded data reported in the region of Greenland on a grid other than the native grid and other than the preferred target grid",
            "gr2z":"regridded zonal mean data reported on a grid other than the native latitude grid and other than the preferred latitude target grid",
            "gr3":"regridded data reported on a grid other than the native grid and other than the preferred target grid",
            "gr3a":"regridded data reported in the region of Antarctica on a grid other than the native grid and other than the preferred target grid",
            "gr3g":"regridded data reported in the region of Greenland on a grid other than the native grid and other than the preferred target grid",
            "gr3z":"regridded zonal mean data reported on a grid other than the native latitude grid and other than the preferred latitude target grid",
            "gr4":"regridded data reported on a grid other than the native grid and other than the preferred target grid",
            "gr4a":"regridded data reported in the region of Antarctica on a grid other than the native grid and other than the preferred target grid",
            "gr4g":"regridded data reported in the region of Greenland on a grid other than the native grid and other than the preferred target grid",
            "gr4z":"regridded zonal mean data reported on a grid other than the native latitude grid and other than the preferred latitude target grid",
            "gr5":"regridded data reported on a grid other than the native grid and other than the preferred target grid",
            "gr5a":"regridded data reported in the region of Antarctica on a grid other than the native grid and other than the preferred target grid",
            "gr5g":"regridded data reported in the region of Greenland on a grid other than the native grid and other than the preferred target grid",
            "gr5z":"regridded zonal mean data reported on a grid other than the native latitude grid and other than the preferred latitude target grid",
            "gr6":"regridded data reported on a grid other than the native grid and other than the preferred target grid",
            "gr6a":"regridded data reported in the region of Antarctica on a grid other than the native grid and other than the preferred target grid",
            "gr6g":"regridded data reported in the region of Greenland on a grid other than the native grid and other than the preferred target grid",
            "gr6z":"regridded zonal mean data reported on a grid other than the native latitude grid and other than the preferred latitude target grid",
            "gr7":"regridded data reported on a grid other than the native grid and other than the preferred target grid",
            "gr7a":"regridded data reported in the region of Antarctica on a grid other than the native grid and other than the preferred target grid",
            "gr7g":"regridded data reported in the region of Greenland on a grid other than the native grid and other than the preferred target grid",
            "gr7z":"regridded zonal mean data reported on a grid other than the native latitude grid and other than the preferred latitude target grid",
            "gr8":"regridded data reported on a grid other than the native grid and other than the preferred target grid",
            "gr8a":"regridded data reported in the region of Antarctica on a grid other than the native grid and other than the preferred target grid",
            "gr8g":"regridded data reported in the region of Greenland on a grid other than the native grid and other than the preferred target grid",
            "gr8z":"regridded zonal mean data reported on a grid other than the native latitude grid and other than the preferred latitude target grid",
            "gr9":"regridded data reported on a grid other than the native grid and other than the preferred target grid",
            "gr9a":"regridded data reported in the region of Antarctica on a grid other than the native grid and other than the preferred target grid",
            "gr9g":"regridded data reported in the region of Greenland on a grid other than the native grid and other than the preferred target grid",
            "gr9z":"regridded zonal mean data reported on a grid other than the native latitude grid and other than the preferred latitude target grid",
            "gra":"regridded data in the region of Antarctica reported on the data provider's preferred target grid",
            "grg":"regridded data in the region of Greenland reported on the data provider's preferred target grid",
            "grz":"regridded zonal mean data reported on the data provider's preferred latitude target grid"
        },
        "institution_id":{
            "CCCma":"Canadian Centre for Climate Modelling and Analysis, Victoria, BC V8P 5C2, Canada",
            "CNRM-Cerfacs":"CNRM (Centre National de Recherches Meteorologiques, Toulouse 31057, France), CERFACS (Centre Europeen de Recherche et de Formation Avancee en Calcul Scientifique, Toulouse 31100, France)",
            "IACETH":"Institute for Atmosphere and Climate, ETH Zurich, Zurich 8092, Switzerland",
            "ImperialCollege":"Imperial College London, South Kensington Campus, London SW7 2AZ, UK",
            "MOHC":"Met Office Hadley Centre, Fitzroy Road, Exeter, Devon, EX1 3PB, UK",
            "MPI-M":"Max Planck Institute for Meteorology, Hamburg 20146, Germany",
            "MRI":"Meteorological Research Institute, Tsukuba, Ibaraki 305-0052, Japan",
            "NCAR":"National Center for Atmospheric Research, Boulder, CO 80307, USA",
            "NCAS":"National Centre for Atmospheric Science, University of Reading, Reading RG6 6BB, UK",
            "PCMDI":"Program for Climate Model Diagnosis and Intercomparison, Lawrence Livermore National Laboratory, Livermore, CA 94550, USA",
            "PNNL-JGCRI":"Pacific Northwest National Laboratory - Joint Global Change Research Institute, College Park, MD 20740, USA",
            "SOLARIS-HEPPA":"SOLARIS-HEPPA, GEOMAR Helmholtz Centre for Ocean Research, Kiel 24105, Germany",
            "UColorado":"University of Colorado, Boulder, CO 80309, USA",
            "UReading":"University of Reading, Reading RG6 6UA, UK",
            "UoM":"Australian-German Climate & Energy College, The University of Melbourne (UoM), Parkville, Victoria 3010, Australia",
            "UofMD":"University of Maryland (UofMD), College Park, MD 20742, USA",
            "VUA":"Vrije Universiteit Amsterdam, De Boelelaan 1105, 1081 HV Amsterdam, Netherlands"
        },
        "license":"<Your_Data_Identifier> data produced by <Your_Centre_Name> is licensed under a Creative Commons Attribution-[NonCommercial-]ShareAlike 4.0 International License (https://creativecommons.org/licenses). Consult https://pcmdi.llnl.gov/CMIP6/TermsOfUse for terms of use governing input4MIPs output, including citation requirements and proper acknowledgment. Further information about this data, including some limitations, can be found via the further_info_url (recorded as a global attribute in this file). The data producers and data providers make no warranty, either express or implied, including, but not limited to, warranties of merchantability and fitness for a particular purpose. All liabilities arising from the supply of the information (including any liability arising in negligence) are excluded to the fullest extent permitted by law.",
        "mip_era":[
            "CMIP1",
            "CMIP2",
            "CMIP3",
            "CMIP5",
            "CMIP6"
        ],
        "nominal_resolution":[
            "0.5 km",
            "1 km",
            "10 km",
            "100 km",
            "1000 km",
            "10000 km",
            "1x1 degree",
            "2.5 km",
            "25 km",
            "250 km",
            "2500 km",
            "5 km",
            "50 km",
            "500 km",
            "5000 km"
        ],
        "product":[
            "derived",
            "observations",
            "reanalysis"
        ],
        "realm":{
            "aerosol":"Aerosol",
            "atmos":"Atmosphere",
            "atmosChem":"Atmospheric Chemistry",
            "land":"Land Surface",
            "landIce":"Land Ice",
            "ocean":"Ocean",
            "ocnBgchem":"Ocean Biogeochemistry",
            "seaIce":"Sea Ice"
        },
        "region":[
            "africa",
            "antarctica",
            "arabian_sea",
            "aral_sea",
            "arctic_ocean",
            "asia",
            "atlantic_ocean",
            "australia",
            "baltic_sea",
            "barents_opening",
            "barents_sea",
            "beaufort_sea",
            "bellingshausen_sea",
            "bering_sea",
            "bering_strait",
            "black_sea",
            "canadian_archipelago",
            "caribbean_sea",
            "caspian_sea",
            "central_america",
            "chukchi_sea",
            "contiguous_united_states",
            "denmark_strait",
            "drake_passage",
            "east_china_sea",
            "english_channel",
            "eurasia",
            "europe",
            "faroe_scotland_channel",
            "florida_bahamas_strait",
            "fram_strait",
            "global",
            "global_land",
            "global_ocean",
            "great_lakes",
            "greenland",
            "gulf_of_alaska",
            "gulf_of_mexico",
            "hudson_bay",
            "iceland_faroe_channel",
            "indian_ocean",
            "indo_pacific_ocean",
            "indonesian_throughflow",
            "irish_sea",
            "lake_baykal",
            "lake_chad",
            "lake_malawi",
            "lake_tanganyika",
            "lake_victoria",
            "mediterranean_sea",
            "mozambique_channel",
            "north_america",
            "north_sea",
            "norwegian_sea",
            "pacific_equatorial_undercurrent",
            "pacific_ocean",
            "persian_gulf",
            "red_sea",
            "ross_sea",
            "sea_of_japan",
            "sea_of_okhotsk",
            "south_america",
            "south_china_sea",
            "southern_ocean",
            "taiwan_luzon_straits",
            "weddell_sea",
            "windward_passage",
            "yellow_sea"
        ],
        "required_global_attributes":[
            "Conventions",
            "activity_id",
            "contact",
            "creation_date",
            "dataset_category",
            "dataset_version_number",
            "frequency",
            "further_info_url",
            "grid_label",
            "institution",
            "institution_id",
            "license",
            "mip_era",
            "nominal_resolution",
            "realm",
            "region",
            "source",
            "source_id",
            "table_id",
            "target_mip",
            "title",
            "tracking_id",
            "variable_id"
        ],
        "source_id":{
            "MRI-JRA55-do-1-3":{
                "source":"MRI JRA55-do 1.3: Atmospheric state generated for OMIP based on the JRA-55 reanalysis"
            },
            "PCMDI-AMIP-1-1-3":{
                "source":"PCMDI-AMIP 1.1.3: Merged SST based on UK MetOffice HadISST and NCEP OI2"
            }
        }
    }
}