{
    "Header":{
        "Conventions":"CF-1.7 CMIP-6.2",
        "approx_interval":"30.00000",
        "cmor_version":"3.2",
        "data_specs_version":"01.00.21",
        "generic_levels":"olevel",
        "int_missing_value":"-999",
        "mip_era":"CMIP6",
        "missing_value":"1e20",
        "product":"input4MIPs",
        "realm":"ocean",
        "table_date":"22 February 2018",
        "table_id":"Table input4MIPs_OmonC"
    },
    "variable_entry":{
        "sos":{
            "cell_measures":"area: areacello",
            "cell_methods":"area: mean where sea time: mean",
            "comment":"",
            "dimensions":"longitude latitude time2",
            "frequency":"monC",
            "long_name":"Sea Surface Salinity",
            "modeling_realm":"ocean",
            "ok_max_mean_abs":"",
            "ok_min_mean_abs":"",
            "out_name":"sos",
            "positive":"",
            "standard_name":"sea_surface_salinity",
            "type":"real",
            "units":"0.001",
            "valid_max":"",
            "valid_min":""
        }
    }
}