{
    "CV":{
        "activity_id":[
            "input4MIPs"
        ],
        "dataset_category":[
            "GHGConcentrations",
            "SSTsAndSeaIce",
            "aerosolProperties",
            "atmosphericState",
            "emissions",
            "landState",
            "ozone",
            "radiation",
            "solar",
            "surfaceAir",
            "surfaceFluxes"
        ],
        "frequency":{
            "1hr":"sampled hourly",
            "1hrCM":"monthly-mean diurnal cycle resolving each day into 1-hour means",
            "1hrPt":"sampled hourly, at specified time point within an hour",
            "3hr":"3 hourly mean samples",
            "3hrPt":"sampled 3 hourly, at specified time point within the time period",
            "6hr":"6 hourly mean samples",
            "6hrPt":"sampled 6 hourly, at specified time point within the time period",
            "day":"daily mean samples",
            "dec":"decadal mean samples",
            "fx":"fixed (time invariant) field",
            "mon":"monthly mean samples",
            "monC":"monthly climatology computed from monthly mean samples",
            "monPt":"sampled monthly, at specified time point within the time period",
            "subhrPt":"sampled sub-hourly, at specified time point within an hour",
            "yr":"annual mean samples",
            "yrC":"annual climatology computed from annual mean samples",
            "yrPt":"sampled yearly, at specified time point within the time period"
        },
        "grid_label":{
            "gm":"global mean data",
            "gn":"data reported on a model's native grid",
            "gna":"data reported on a native grid in the region of Antarctica",
            "gng":"data reported on a native grid in the region of Greenland",
            "gnz":"zonal mean data reported on a model's native latitude grid",
            "gr":"regridded data reported on the data provider's preferred target grid",
            "gr1":"regridded data reported on a grid other than the native grid and other than the preferred target grid",
            "gr1a":"regridded data reported in the region of Antarctica on a grid other than the native grid and other than the preferred target grid",
            "gr1g":"regridded data reported in the region of Greenland on a grid other than the native grid and other than the preferred target grid",
            "gr1z":"regridded zonal mean data reported on a grid other than the native latitude grid and other than the preferred latitude target grid",
            "gr2":"regridded data reported on a grid other than the native grid and other than the preferred target grid",
            "gr2a":"regridded data reported in the region of Antarctica on a grid other than the native grid and other than the preferred target grid",
            "gr2g":"regridded data reported in the region of Greenland on a grid other than the native grid and other than the preferred target grid",
            "gr2z":"regridded zonal mean data reported on a grid other than the native latitude grid and other than the preferred latitude target grid",
            "gr3":"regridded data reported on a grid other than the native grid and other than the preferred target grid",
            "gr3a":"regridded data reported in the region of Antarctica on a grid other than the native grid and other than the preferred target grid",
            "gr3g":"regridded data reported in the region of Greenland on a grid other than the native grid and other than the preferred target grid",
            "gr3z":"regridded zonal mean data reported on a grid other than the native latitude grid and other than the preferred latitude target grid",
            "gr4":"regridded data reported on a grid other than the native grid and other than the preferred target grid",
            "gr4a":"regridded data reported in the region of Antarctica on a grid other than the native grid and other than the preferred target grid",
            "gr4g":"regridded data reported in the region of Greenland on a grid other than the native grid and other than the preferred target grid",
            "gr4z":"regridded zonal mean data reported on a grid other than the native latitude grid and other than the preferred latitude target grid",
            "gr5":"regridded data reported on a grid other than the native grid and other than the preferred target grid",
            "gr5a":"regridded data reported in the region of Antarctica on a grid other than the native grid and other than the preferred target grid",
            "gr5g":"regridded data reported in the region of Greenland on a grid other than the native grid and other than the preferred target grid",
            "gr5z":"regridded zonal mean data reported on a grid other than the native latitude grid and other than the preferred latitude target grid",
            "gr6":"regridded data reported on a grid other than the native grid and other than the preferred target grid",
            "gr6a":"regridded data reported in the region of Antarctica on a grid other than the native grid and other than the preferred target grid",
            "gr6g":"regridded data reported in the region of Greenland on a grid other than the native grid and other than the preferred target grid",
            "gr6z":"regridded zonal mean data reported on a grid other than the native latitude grid and other than the preferred latitude target grid",
            "gr7":"regridded data reported on a grid other than the native grid and other than the preferred target grid",
            "gr7a":"regridded data reported in the region of Antarctica on a grid other than the native grid and other than the preferred target grid",
            "gr7g":"regridded data reported in the region of Greenland on a grid other than the native grid and other than the preferred target grid",
            "gr7z":"regridded zonal mean data reported on a grid other than the native latitude grid and other than the preferred latitude target grid",
            "gr8":"regridded data reported on a grid other than the native grid and other than the preferred target grid",
            "gr8a":"regridded data reported in the region of Antarctica on a grid other than the native grid and other than the preferred target grid",
            "gr8g":"regridded data reported in the region of Greenland on a grid other than the native grid and other than the preferred target grid",
            "gr8z":"regridded zonal mean data reported on a grid other than the native latitude grid and other than the preferred latitude target grid",
            "gr9":"regridded data reported on a grid other than the native grid and other than the preferred target grid",
            "gr9a":"regridded data reported in the region of Antarctica on a grid other than the native grid and other than the preferred target grid",
            "gr9g":"regridded data reported in the region of Greenland on a grid other than the native grid and other than the preferred target grid",
            "gr9z":"regridded zonal mean data reported on a grid other than the native latitude grid and other than the preferred latitude target grid",
            "gra":"regridded data in the region of Antarctica reported on the data provider's preferred target grid",
            "grg":"regridded data in the region of Greenland reported on the data provider's preferred target grid",
            "grz":"regridded zonal mean data reported on the data provider's preferred latitude target grid"
        },
        "institution_id":{
            "CCCma":"Canadian Centre for Climate Modelling and Analysis, Victoria, BC V8P 5C2, Canada",
            "CNRM-Cerfacs":"CNRM (Centre National de Recherches Meteorologiques, Toulouse 31057, France), CERFACS (Centre Europeen de Recherche et de Formation Avancee en Calcul Scientifique, Toulouse 31100, France)",
            "IACETH":"Institute for Atmosphere and Climate, ETH Zurich, Zurich 8092, Switzerland",
            "IAMC":"Integrated Assessment Modeling Consortium (see www.globalchange.umd.edu/iamc/membership for complete membership). Mailing address: International Institute for Applied Systems Analysis (IIASA), Schlossplatz 1, A-2361 Laxenburg, Austria",
            "ImperialCollege":"Imperial College London, South Kensington Campus, London SW7 2AZ, UK",
            "MOHC":"Met Office Hadley Centre, Fitzroy Road, Exeter, Devon, EX1 3PB, UK",
            "MPI-B":"Max Planck Institute for Biogeochemistry, Jena 07745, Germany",
            "MPI-M":"Max Planck Institute for Meteorology, Hamburg 20146, Germany",
            "MRI":"Meteorological Research Institute, Tsukuba, Ibaraki 305-0052, Japan",
            "NASA-GSFC":"NASA Goddard Space Flight Center, Greenbelt, MD 20771, USA",
            "NCAR":"National Center for Atmospheric Research, Boulder, CO 80307, USA",
            "NCAS":"National Centre for Atmospheric Science, University of Reading, Reading RG6 6BB, UK",
            "PCMDI":"Program for Climate Model Diagnosis and Intercomparison, Lawrence Livermore National Laboratory, Livermore, CA 94550, USA",
            "PNNL-JGCRI":"Pacific Northwest National Laboratory - Joint Global Change Research Institute, College Park, MD 20740, USA",
            "SOLARIS-HEPPA":"SOLARIS-HEPPA, GEOMAR Helmholtz Centre for Ocean Research, Kiel 24105, Germany",
            "UCI":"Department of Earth System Science, University of California Irvine, Irvine, CA 92697, USA",
            "UColorado":"University of Colorado, Boulder, CO 80309, USA",
            "UReading":"University of Reading, Reading RG6 6UA, UK",
            "UoM":"Australian-German Climate & Energy College, The University of Melbourne (UoM), Parkville, Victoria 3010, Australia",
            "UofMD":"University of Maryland (UofMD), College Park, MD 20742, USA",
            "VUA":"Vrije Universiteit Amsterdam, De Boelelaan 1105, 1081 HV Amsterdam, Netherlands"
        },
        "license":"<Your_Data_Identifier> data produced by <Your_Centre_Name> is licensed under a Creative Commons Attribution-[NonCommercial-]ShareAlike 4.0 International License (https://creativecommons.org/licenses). Consult https://pcmdi.llnl.gov/CMIP6/TermsOfUse for terms of use governing input4MIPs output, including citation requirements and proper acknowledgment. Further information about this data, including some limitations, can be found via the further_info_url (recorded as a global attribute in this file). The data producers and data providers make no warranty, either express or implied, including, but not limited to, warranties of merchantability and fitness for a particular purpose. All liabilities arising from the supply of the information (including any liability arising in negligence) are excluded to the fullest extent permitted by law.",
        "mip_era":[
            "CMIP1",
            "CMIP2",
            "CMIP3",
            "CMIP5",
            "CMIP6"
        ],
        "nominal_resolution":[
            "0.5 km",
            "1 km",
            "10 km",
            "100 km",
            "1000 km",
            "10000 km",
            "1x1 degree",
            "2.5 km",
            "25 km",
            "250 km",
            "2500 km",
            "5 km",
            "50 km",
            "500 km",
            "5000 km"
        ],
        "product":[
            "derived",
            "observations",
            "reanalysis"
        ],
        "realm":{
            "aerosol":"Aerosol",
            "atmos":"Atmosphere",
            "atmosChem":"Atmospheric Chemistry",
            "land":"Land Surface",
            "landIce":"Land Ice",
            "ocean":"Ocean",
            "ocnBgchem":"Ocean Biogeochemistry",
            "seaIce":"Sea Ice"
        },
        "region":[
            "africa",
            "antarctica",
            "arabian_sea",
            "aral_sea",
            "arctic_ocean",
            "asia",
            "atlantic_ocean",
            "australia",
            "baltic_sea",
            "barents_opening",
            "barents_sea",
            "beaufort_sea",
            "bellingshausen_sea",
            "bering_sea",
            "bering_strait",
            "black_sea",
            "canadian_archipelago",
            "caribbean_sea",
            "caspian_sea",
            "central_america",
            "chukchi_sea",
            "contiguous_united_states",
            "denmark_strait",
            "drake_passage",
            "east_china_sea",
            "english_channel",
            "eurasia",
            "europe",
            "faroe_scotland_channel",
            "florida_bahamas_strait",
            "fram_strait",
            "global",
            "global_land",
            "global_ocean",
            "great_lakes",
            "greenland",
            "gulf_of_alaska",
            "gulf_of_mexico",
            "hudson_bay",
            "iceland_faroe_channel",
            "indian_ocean",
            "indo_pacific_ocean",
            "indonesian_throughflow",
            "irish_sea",
            "lake_baykal",
            "lake_chad",
            "lake_malawi",
            "lake_tanganyika",
            "lake_victoria",
            "mediterranean_sea",
            "mozambique_channel",
            "north_america",
            "north_sea",
            "norwegian_sea",
            "pacific_equatorial_undercurrent",
            "pacific_ocean",
            "persian_gulf",
            "red_sea",
            "ross_sea",
            "sea_of_japan",
            "sea_of_okhotsk",
            "south_america",
            "south_china_sea",
            "southern_ocean",
            "taiwan_luzon_straits",
            "weddell_sea",
            "windward_passage",
            "yellow_sea"
        ],
        "required_global_attributes":[
            "Conventions",
            "activity_id",
            "contact",
            "creation_date",
            "dataset_category",
            "frequency",
            "further_info_url",
            "grid_label",
            "institution",
            "institution_id",
            "license",
            "mip_era",
            "nominal_resolution",
            "realm",
            "region",
            "source",
            "source_id",
            "source_version",
            "table_id",
            "target_mip",
            "title",
            "tracking_id",
            "variable_id"
        ],
        "source_id":{
            "ACCESS1-3-rcp85-1-0":{
                "comment":"Prepared using CMIP5 model ACCESS1-3 as input. A combination of historical and rcp85 datasets were used to create this ISMIP6 forcing dataset",
                "contact":"ISMIP6 Steering Team (ismip6@gmail.com)",
                "dataset_category":"surfaceFluxes",
                "further_info_url":"http://www.climate-cryosphere.org/wiki/index.php?title=ISMIP6_wiki_page",
                "institution":"NASA Goddard Space Flight Center, Greenbelt, MD 20771, USA",
                "institution_id":"NASA-GSFC",
                "nominal_resolution":"10 km",
                "product":"derived",
                "references":"Experimental protocol for sealevel projections from ISMIP6 standalone ice sheet models, Nowicki, S. et al, 2020, https://doi.org/10.5194/tc-2019-322",
                "release_year":"2020",
                "source":"ACCESS1-3-rcp85-1-0 derived dataset computed from CMIP5 ACCESS1-3 historical and rcp85 simulations for ISMIP6",
                "source_description":"Ice sheet relevant datasets produced by the ISMIP6 Team for the standalone ice sheet experiment of ISMIP6",
                "source_id":"ACCESS1-3-rcp85-1-0",
                "source_type":"AOGCM",
                "source_variables":[
                    "acabf",
                    "evspsbl",
                    "mrros",
                    "pr",
                    "sftflf",
                    "so",
                    "ts"
                ],
                "source_version":"1.0",
                "target_mip":"ISMIP6",
                "title":"ISMIP6 (CMIP6) - ACCESS1-3-rcp85-1-0 derived data prepared for input4MIPs"
            },
            "CCSM4-rcp26-1-0":{
                "comment":"Prepared using CMIP5 model CCSM4 as input. A combination of historical and rcp26 datasets were used to create this ISMIP6 forcing dataset",
                "contact":"ISMIP6 Steering Team (ismip6@gmail.com)",
                "dataset_category":"surfaceFluxes",
                "further_info_url":"http://www.climate-cryosphere.org/wiki/index.php?title=ISMIP6_wiki_page",
                "institution":"NASA Goddard Space Flight Center, Greenbelt, MD 20771, USA",
                "institution_id":"NASA-GSFC",
                "nominal_resolution":"10 km",
                "product":"derived",
                "references":"Experimental protocol for sealevel projections from ISMIP6 standalone ice sheet models, Nowicki, S. et al, 2020, https://doi.org/10.5194/tc-2019-322",
                "release_year":"2020",
                "source":"CCSM4-rcp26-1-0 derived dataset computed from CMIP5 CCSM4 historical and rcp26 simulations for ISMIP6",
                "source_description":"Ice sheet relevant datasets produced by the ISMIP6 Team for the standalone ice sheet experiment of ISMIP6",
                "source_id":"CCSM4-rcp26-1-0",
                "source_type":"AOGCM",
                "source_variables":[
                    "acabf",
                    "evspsbl",
                    "mrros",
                    "pr",
                    "sftflf",
                    "so",
                    "ts"
                ],
                "source_version":"1.0",
                "target_mip":"ISMIP6",
                "title":"ISMIP6 (CMIP6) - CCSM4-rcp26-1-0 derived data prepared for input4MIPs"
            },
            "CCSM4-rcp85-1-0":{
                "comment":"Prepared using CMIP5 model CCSM4 as input. A combination of historical and rcp85 datasets were used to create this ISMIP6 forcing dataset",
                "contact":"ISMIP6 Steering Team (ismip6@gmail.com)",
                "dataset_category":"surfaceFluxes",
                "further_info_url":"http://www.climate-cryosphere.org/wiki/index.php?title=ISMIP6_wiki_page",
                "institution":"NASA Goddard Space Flight Center, Greenbelt, MD 20771, USA",
                "institution_id":"NASA-GSFC",
                "nominal_resolution":"10 km",
                "product":"derived",
                "references":"Experimental protocol for sealevel projections from ISMIP6 standalone ice sheet models, Nowicki, S. et al, 2020, https://doi.org/10.5194/tc-2019-322",
                "release_year":"2020",
                "source":"CCSM4-rcp85-1-0 derived dataset computed from CMIP5 CCSM4 historical and rcp85 simulations for ISMIP6",
                "source_description":"Ice sheet relevant datasets produced by the ISMIP6 Team for the standalone ice sheet experiment of ISMIP6",
                "source_id":"CCSM4-rcp85-1-0",
                "source_type":"AOGCM",
                "source_variables":[
                    "acabf",
                    "evspsbl",
                    "mrros",
                    "pr",
                    "sftflf",
                    "so",
                    "ts"
                ],
                "source_version":"1.0",
                "target_mip":"ISMIP6",
                "title":"ISMIP6 (CMIP6) - CCSM4-rcp85-1-0 derived data prepared for input4MIPs"
            },
            "CESM2-ssp585-1-0":{
                "comment":"Prepared using CMIP6 model CESM2 as input. A combination of historical and ssp585 datasets were used to create this ISMIP6 forcing dataset",
                "contact":"ISMIP6 Steering Team (ismip6@gmail.com)",
                "dataset_category":"surfaceFluxes",
                "further_info_url":"http://www.climate-cryosphere.org/wiki/index.php?title=ISMIP6_wiki_page",
                "institution":"NASA Goddard Space Flight Center, Greenbelt, MD 20771, USA",
                "institution_id":"NASA-GSFC",
                "nominal_resolution":"10 km",
                "product":"derived",
                "references":"Experimental protocol for sealevel projections from ISMIP6 standalone ice sheet models, Nowicki, S. et al, 2020, https://doi.org/10.5194/tc-2019-322",
                "release_year":"2020",
                "source":"CESM2-ssp585-1-0 derived dataset computed from CMIP6 CESM2 historical and ssp585 simulations for ISMIP6",
                "source_description":"Ice sheet relevant datasets produced by the ISMIP6 Team for the standalone ice sheet experiment of ISMIP6",
                "source_id":"CESM2-ssp585-1-0",
                "source_type":"AOGCM",
                "source_variables":[
                    "acabf",
                    "evspsbl",
                    "mrros",
                    "pr",
                    "sftflf",
                    "so",
                    "ts"
                ],
                "source_version":"1.0",
                "target_mip":"ISMIP6",
                "title":"ISMIP6 (CMIP6) - CESM2-ssp585-1-0 derived data prepared for input4MIPs"
            },
            "CNRM-CM6-1-ssp126-1-0":{
                "comment":"Prepared using CMIP6 model CNRM-CM6-1 as input. A combination of historical and ssp126 datasets were used to create this ISMIP6 forcing dataset",
                "contact":"ISMIP6 Steering Team (ismip6@gmail.com)",
                "dataset_category":"surfaceFluxes",
                "further_info_url":"http://www.climate-cryosphere.org/wiki/index.php?title=ISMIP6_wiki_page",
                "institution":"NASA Goddard Space Flight Center, Greenbelt, MD 20771, USA",
                "institution_id":"NASA-GSFC",
                "nominal_resolution":"10 km",
                "product":"derived",
                "references":"Experimental protocol for sealevel projections from ISMIP6 standalone ice sheet models, Nowicki, S. et al, 2020, https://doi.org/10.5194/tc-2019-322",
                "release_year":"2020",
                "source":"CNRM-CM6-1-ssp126-1-0 derived dataset computed from CMIP6 CNRM-CM6-1 historical and ssp126 simulations for ISMIP6",
                "source_description":"Ice sheet relevant datasets produced by the ISMIP6 Team for the standalone ice sheet experiment of ISMIP6",
                "source_id":"CNRM-CM6-1-ssp126-1-0",
                "source_type":"AOGCM",
                "source_variables":[
                    "acabf",
                    "evspsbl",
                    "mrros",
                    "pr",
                    "sftflf",
                    "so",
                    "ts"
                ],
                "source_version":"1.0",
                "target_mip":"ISMIP6",
                "title":"ISMIP6 (CMIP6) - CNRM-CM6-1-ssp126-1-0 derived data prepared for input4MIPs"
            },
            "CNRM-CM6-1-ssp585-1-0":{
                "comment":"Prepared using CMIP6 model CNRM-CM6-1 as input. A combination of historical and ssp585 datasets were used to create this ISMIP6 forcing dataset",
                "contact":"ISMIP6 Steering Team (ismip6@gmail.com)",
                "dataset_category":"surfaceFluxes",
                "further_info_url":"http://www.climate-cryosphere.org/wiki/index.php?title=ISMIP6_wiki_page",
                "institution":"NASA Goddard Space Flight Center, Greenbelt, MD 20771, USA",
                "institution_id":"NASA-GSFC",
                "nominal_resolution":"10 km",
                "product":"derived",
                "references":"Experimental protocol for sealevel projections from ISMIP6 standalone ice sheet models, Nowicki, S. et al, 2020, https://doi.org/10.5194/tc-2019-322",
                "release_year":"2020",
                "source":"CNRM-CM6-1-ssp585-1-0 derived dataset computed from CMIP6 CNRM-CM6-1 historical and ssp585 simulations for ISMIP6",
                "source_description":"Ice sheet relevant datasets produced by the ISMIP6 Team for the standalone ice sheet experiment of ISMIP6",
                "source_id":"CNRM-CM6-1-ssp585-1-0",
                "source_type":"AOGCM",
                "source_variables":[
                    "acabf",
                    "evspsbl",
                    "mrros",
                    "pr",
                    "sftflf",
                    "so",
                    "ts"
                ],
                "source_version":"1.0",
                "target_mip":"ISMIP6",
                "title":"ISMIP6 (CMIP6) - CNRM-CM6-1-ssp585-1-0 derived data prepared for input4MIPs"
            },
            "CNRM-ESM2-1-ssp585-1-0":{
                "comment":"Prepared using CMIP6 model CNRM-ESM2-1 as input. A combination of historical and ssp585 datasets were used to create this ISMIP6 forcing dataset",
                "contact":"ISMIP6 Steering Team (ismip6@gmail.com)",
                "dataset_category":"surfaceFluxes",
                "further_info_url":"http://www.climate-cryosphere.org/wiki/index.php?title=ISMIP6_wiki_page",
                "institution":"NASA Goddard Space Flight Center, Greenbelt, MD 20771, USA",
                "institution_id":"NASA-GSFC",
                "nominal_resolution":"10 km",
                "product":"derived",
                "references":"Experimental protocol for sealevel projections from ISMIP6 standalone ice sheet models, Nowicki, S. et al, 2020, https://doi.org/10.5194/tc-2019-322",
                "release_year":"2020",
                "source":"CNRM-ESM2-1-ssp585-1-0 derived dataset computed from CMIP6 CNRM-ESM2-1 historical and ssp585 simulations for ISMIP6",
                "source_description":"Ice sheet relevant datasets produced by the ISMIP6 Team for the standalone ice sheet experiment of ISMIP6",
                "source_id":"CNRM-ESM2-1-ssp585-1-0",
                "source_type":"AOGCM",
                "source_variables":[
                    "acabf",
                    "evspsbl",
                    "mrros",
                    "pr",
                    "sftflf",
                    "so",
                    "ts"
                ],
                "source_version":"1.0",
                "target_mip":"ISMIP6",
                "title":"ISMIP6 (CMIP6) - CNRM-ESM2-1-ssp585-1-0 derived data prepared for input4MIPs"
            },
            "CSIRO-MK3-6-0-rcp85-1-0":{
                "comment":"Prepared using CMIP5 model CSIRO-MK3-6-0 as input. A combination of historical and rcp85 datasets were used to create this ISMIP6 forcing dataset",
                "contact":"ISMIP6 Steering Team (ismip6@gmail.com)",
                "dataset_category":"surfaceFluxes",
                "further_info_url":"http://www.climate-cryosphere.org/wiki/index.php?title=ISMIP6_wiki_page",
                "institution":"NASA Goddard Space Flight Center, Greenbelt, MD 20771, USA",
                "institution_id":"NASA-GSFC",
                "nominal_resolution":"10 km",
                "product":"derived",
                "references":"Experimental protocol for sealevel projections from ISMIP6 standalone ice sheet models, Nowicki, S. et al, 2020, https://doi.org/10.5194/tc-2019-322",
                "release_year":"2020",
                "source":"CSIRO-MK3-6-0-rcp85-1-0 derived dataset computed from CMIP5 CSIRO-MK3-6-0 historical and rcp85 simulations for ISMIP6",
                "source_description":"Ice sheet relevant datasets produced by the ISMIP6 Team for the standalone ice sheet experiment of ISMIP6",
                "source_id":"CSIRO-MK3-6-0-rcp85-1-0",
                "source_type":"AOGCM",
                "source_variables":[
                    "acabf",
                    "evspsbl",
                    "mrros",
                    "pr",
                    "sftflf",
                    "so",
                    "ts"
                ],
                "source_version":"1.0",
                "target_mip":"ISMIP6",
                "title":"ISMIP6 (CMIP6) - CSIRO-MK3-6-0-rcp85-1-0 derived data prepared for input4MIPs"
            },
            "HadGEM2-ES-rcp85-1-0":{
                "comment":"Prepared using CMIP5 model HadGEM2-ES as input. A combination of historical and rcp85 datasets were used to create this ISMIP6 forcing dataset",
                "contact":"ISMIP6 Steering Team (ismip6@gmail.com)",
                "dataset_category":"surfaceFluxes",
                "further_info_url":"http://www.climate-cryosphere.org/wiki/index.php?title=ISMIP6_wiki_page",
                "institution":"NASA Goddard Space Flight Center, Greenbelt, MD 20771, USA",
                "institution_id":"NASA-GSFC",
                "nominal_resolution":"10 km",
                "product":"derived",
                "references":"Experimental protocol for sealevel projections from ISMIP6 standalone ice sheet models, Nowicki, S. et al, 2020, https://doi.org/10.5194/tc-2019-322",
                "release_year":"2020",
                "source":"HadGEM2-ES-rcp85-1-0 derived dataset computed from CMIP5 HadGEM2-ES historical and rcp85 simulations for ISMIP6",
                "source_description":"Ice sheet relevant datasets produced by the ISMIP6 Team for the standalone ice sheet experiment of ISMIP6",
                "source_id":"HadGEM2-ES-rcp85-1-0",
                "source_type":"AOGCM",
                "source_variables":[
                    "acabf",
                    "evspsbl",
                    "mrros",
                    "pr",
                    "sftflf",
                    "so",
                    "ts"
                ],
                "source_version":"1.0",
                "target_mip":"ISMIP6",
                "title":"ISMIP6 (CMIP6) - HadGEM2-ES-rcp85-1-0 derived data prepared for input4MIPs"
            },
            "IPSL-CM5A-MR-rcp26-1-0":{
                "comment":"Prepared using CMIP5 model IPSL-CM5A-MR as input. A combination of historical and rcp26 datasets were used to create this ISMIP6 forcing dataset",
                "contact":"ISMIP6 Steering Team (ismip6@gmail.com)",
                "dataset_category":"surfaceFluxes",
                "further_info_url":"http://www.climate-cryosphere.org/wiki/index.php?title=ISMIP6_wiki_page",
                "institution":"NASA Goddard Space Flight Center, Greenbelt, MD 20771, USA",
                "institution_id":"NASA-GSFC",
                "nominal_resolution":"10 km",
                "product":"derived",
                "references":"Experimental protocol for sealevel projections from ISMIP6 standalone ice sheet models, Nowicki, S. et al, 2020, https://doi.org/10.5194/tc-2019-322",
                "release_year":"2020",
                "source":"IPSL-CM5A-MR-rcp26-1-0 derived dataset computed from CMIP5 IPSL-CM5A-MR historical and rcp26 simulations for ISMIP6",
                "source_description":"Ice sheet relevant datasets produced by the ISMIP6 Team for the standalone ice sheet experiment of ISMIP6",
                "source_id":"IPSL-CM5A-MR-rcp26-1-0",
                "source_type":"AOGCM",
                "source_variables":[
                    "acabf",
                    "evspsbl",
                    "mrros",
                    "pr",
                    "sftflf",
                    "so",
                    "ts"
                ],
                "source_version":"1.0",
                "target_mip":"ISMIP6",
                "title":"ISMIP6 (CMIP6) - IPSL-CM5A-MR-rcp26-1-0 derived data prepared for input4MIPs"
            },
            "IPSL-CM5A-MR-rcp85-1-0":{
                "comment":"Prepared using CMIP5 model IPSL-CM5A-MR as input. A combination of historical and rcp85 datasets were used to create this ISMIP6 forcing dataset",
                "contact":"ISMIP6 Steering Team (ismip6@gmail.com)",
                "dataset_category":"surfaceFluxes",
                "further_info_url":"http://www.climate-cryosphere.org/wiki/index.php?title=ISMIP6_wiki_page",
                "institution":"NASA Goddard Space Flight Center, Greenbelt, MD 20771, USA",
                "institution_id":"NASA-GSFC",
                "nominal_resolution":"10 km",
                "product":"derived",
                "references":"Experimental protocol for sealevel projections from ISMIP6 standalone ice sheet models, Nowicki, S. et al, 2020, https://doi.org/10.5194/tc-2019-322",
                "release_year":"2020",
                "source":"IPSL-CM5A-MR-rcp85-1-0 derived dataset computed from CMIP5 IPSL-CM5A-MR historical and rcp85 simulations for ISMIP6",
                "source_description":"Ice sheet relevant datasets produced by the ISMIP6 Team for the standalone ice sheet experiment of ISMIP6",
                "source_id":"IPSL-CM5A-MR-rcp85-1-0",
                "source_type":"AOGCM",
                "source_variables":[
                    "acabf",
                    "evspsbl",
                    "mrros",
                    "pr",
                    "sftflf",
                    "so",
                    "ts"
                ],
                "source_version":"1.0",
                "target_mip":"ISMIP6",
                "title":"ISMIP6 (CMIP6) - IPSL-CM5A-MR-rcp85-1-0 derived data prepared for input4MIPs"
            },
            "MIROC-ESM-CHEM-rcp26-1-0":{
                "comment":"Prepared using CMIP5 model MIROC-ESM-CHEM as input. A combination of historical and rcp26 datasets were used to create this ISMIP6 forcing dataset",
                "contact":"ISMIP6 Steering Team (ismip6@gmail.com)",
                "dataset_category":"surfaceFluxes",
                "further_info_url":"http://www.climate-cryosphere.org/wiki/index.php?title=ISMIP6_wiki_page",
                "institution":"NASA Goddard Space Flight Center, Greenbelt, MD 20771, USA",
                "institution_id":"NASA-GSFC",
                "nominal_resolution":"10 km",
                "product":"derived",
                "references":"Experimental protocol for sealevel projections from ISMIP6 standalone ice sheet models, Nowicki, S. et al, 2020, https://doi.org/10.5194/tc-2019-322",
                "release_year":"2020",
                "source":"MIROC-ESM-CHEM-rcp26-1-0 derived dataset computed from CMIP5 MIROC-ESM-CHEM historical and rcp26 simulations for ISMIP6",
                "source_description":"Ice sheet relevant datasets produced by the ISMIP6 Team for the standalone ice sheet experiment of ISMIP6",
                "source_id":"MIROC-ESM-CHEM-rcp26-1-0",
                "source_type":"AOGCM",
                "source_variables":[
                    "acabf",
                    "evspsbl",
                    "mrros",
                    "pr",
                    "sftflf",
                    "so",
                    "ts"
                ],
                "source_version":"1.0",
                "target_mip":"ISMIP6",
                "title":"ISMIP6 (CMIP6) - MIROC-ESM-CHEM-rcp26-1-0 derived data prepared for input4MIPs"
            },
            "MIROC-ESM-CHEM-rcp85-1-0":{
                "comment":"Prepared using CMIP5 model MIROC-ESM-CHEM as input. A combination of historical and rcp85 datasets were used to create this ISMIP6 forcing dataset",
                "contact":"ISMIP6 Steering Team (ismip6@gmail.com)",
                "dataset_category":"surfaceFluxes",
                "further_info_url":"http://www.climate-cryosphere.org/wiki/index.php?title=ISMIP6_wiki_page",
                "institution":"NASA Goddard Space Flight Center, Greenbelt, MD 20771, USA",
                "institution_id":"NASA-GSFC",
                "nominal_resolution":"10 km",
                "product":"derived",
                "references":"Experimental protocol for sealevel projections from ISMIP6 standalone ice sheet models, Nowicki, S. et al, 2020, https://doi.org/10.5194/tc-2019-322",
                "release_year":"2020",
                "source":"MIROC-ESM-CHEM-rcp85-1-0 derived dataset computed from CMIP5 MIROC-ESM-CHEM historical and rcp85 simulations for ISMIP6",
                "source_description":"Ice sheet relevant datasets produced by the ISMIP6 Team for the standalone ice sheet experiment of ISMIP6",
                "source_id":"MIROC-ESM-CHEM-rcp85-1-0",
                "source_type":"AOGCM",
                "source_variables":[
                    "acabf",
                    "evspsbl",
                    "mrros",
                    "pr",
                    "sftflf",
                    "so",
                    "ts"
                ],
                "source_version":"1.0",
                "target_mip":"ISMIP6",
                "title":"ISMIP6 (CMIP6) - MIROC-ESM-CHEM-rcp85-1-0 derived data prepared for input4MIPs"
            },
            "MIROC5-rcp26-1-0":{
                "comment":"Prepared using CMIP5 model MIROC5 as input. A combination of historical and rcp26 datasets were used to create this ISMIP6 forcing dataset",
                "contact":"ISMIP6 Steering Team (ismip6@gmail.com)",
                "dataset_category":"surfaceFluxes",
                "further_info_url":"http://www.climate-cryosphere.org/wiki/index.php?title=ISMIP6_wiki_page",
                "institution":"NASA Goddard Space Flight Center, Greenbelt, MD 20771, USA",
                "institution_id":"NASA-GSFC",
                "nominal_resolution":"10 km",
                "product":"derived",
                "references":"Experimental protocol for sealevel projections from ISMIP6 standalone ice sheet models, Nowicki, S. et al, 2020, https://doi.org/10.5194/tc-2019-322",
                "release_year":"2020",
                "source":"MIROC5-rcp26-1-0 derived dataset computed from CMIP5 MIROC5 historical and rcp26 simulations for ISMIP6",
                "source_description":"Ice sheet relevant datasets produced by the ISMIP6 Team for the standalone ice sheet experiment of ISMIP6",
                "source_id":"MIROC5-rcp26-1-0",
                "source_type":"AOGCM",
                "source_variables":[
                    "acabf",
                    "evspsbl",
                    "mrros",
                    "pr",
                    "sftflf",
                    "so",
                    "ts"
                ],
                "source_version":"1.0",
                "target_mip":"ISMIP6",
                "title":"ISMIP6 (CMIP6) - MIROC5-rcp26-1-0 derived data prepared for input4MIPs"
            },
            "MIROC5-rcp85-1-0":{
                "comment":"Prepared using CMIP5 model MIROC5 as input. A combination of historical and rcp85 datasets were used to create this ISMIP6 forcing dataset",
                "contact":"ISMIP6 Steering Team (ismip6@gmail.com)",
                "dataset_category":"surfaceFluxes",
                "further_info_url":"http://www.climate-cryosphere.org/wiki/index.php?title=ISMIP6_wiki_page",
                "institution":"NASA Goddard Space Flight Center, Greenbelt, MD 20771, USA",
                "institution_id":"NASA-GSFC",
                "nominal_resolution":"10 km",
                "product":"derived",
                "references":"Experimental protocol for sealevel projections from ISMIP6 standalone ice sheet models, Nowicki, S. et al, 2020, https://doi.org/10.5194/tc-2019-322",
                "release_year":"2020",
                "source":"MIROC5-rcp85-1-0 derived dataset computed from CMIP5 MIROC5 historical and rcp85 simulations for ISMIP6",
                "source_description":"Ice sheet relevant datasets produced by the ISMIP6 Team for the standalone ice sheet experiment of ISMIP6",
                "source_id":"MIROC5-rcp85-1-0",
                "source_type":"AOGCM",
                "source_variables":[
                    "acabf",
                    "evspsbl",
                    "mrros",
                    "pr",
                    "sftflf",
                    "so",
                    "ts"
                ],
                "source_version":"1.0",
                "target_mip":"ISMIP6",
                "title":"ISMIP6 (CMIP6) - MIROC5-rcp85-1-0 derived data prepared for input4MIPs"
            },
            "MRI-JRA55-do-1-3":{
                "source":"MRI JRA55-do 1.3: Atmospheric state generated for OMIP based on the JRA-55 reanalysis"
            },
            "MRI-JRA55-do-1-3-2":{
                "comment":"Based on JRA-55 reanalysis (1958-01 to 2019-01)",
                "contact":"Hiroyuki Tsujino (htsujino@mri-jma.go.jp)",
                "dataset_category":"atmosphericState",
                "further_info_url":"http://climate.mri-jma.go.jp/~htsujino/jra55do.html",
                "institution":"Meteorological Research Institute, Tsukuba, Ibaraki 305-0052, Japan",
                "institution_id":"MRI",
                "product":"reanalysis",
                "references":"Tsujino et al., 2018: JRA-55 based surface dataset for driving ocean-sea-ice models (JRA55-do), Ocean Modelling, 130(1), pp 79-139. https://doi.org/10.1016/j.ocemod.2018.07.002",
                "region":[
                    "global_ocean"
                ],
                "release_year":"2019",
                "source":"MRI JRA55-do 1.3.2: Atmospheric state generated for OMIP based on the JRA-55 reanalysis",
                "source_description":"Atmospheric state and terrestrial runoff datasets produced by MRI for the OMIP experiment of CMIP6",
                "source_id":"MRI-JRA55-do-1-3-2",
                "source_type":"satellite_blended",
                "source_variables":[
                    "areacello",
                    "friver",
                    "huss",
                    "licalvf",
                    "prra",
                    "prsn",
                    "psl",
                    "rlds",
                    "sftof",
                    "siconc",
                    "siconca",
                    "sos",
                    "tas",
                    "tos",
                    "ts",
                    "uas",
                    "uos",
                    "vas",
                    "vos"
                ],
                "source_version":"1.3.2",
                "target_mip":"OMIP",
                "title":"MRI JRA55-do 1.3.2 dataset prepared for input4MIPs"
            },
            "MRI-JRA55-do-1-4-0":{
                "comment":"Based on JRA-55 reanalysis (1958-01 to 2019-01)",
                "contact":"Hiroyuki Tsujino (htsujino@mri-jma.go.jp)",
                "dataset_category":"atmosphericState",
                "further_info_url":"http://climate.mri-jma.go.jp/~htsujino/jra55do.html",
                "institution":"Meteorological Research Institute, Tsukuba, Ibaraki 305-0052, Japan",
                "institution_id":"MRI",
                "product":"reanalysis",
                "references":"Tsujino et al., 2018: JRA-55 based surface dataset for driving ocean-sea-ice models (JRA55-do), Ocean Modelling, 130(1), pp 79-139. https://doi.org/10.1016/j.ocemod.2018.07.002",
                "region":[
                    "global_ocean"
                ],
                "release_year":"2019",
                "source":"MRI JRA55-do 1.4.0: Atmospheric state generated for OMIP based on the JRA-55 reanalysis",
                "source_description":"Atmospheric state and terrestrial runoff datasets produced by MRI for the OMIP experiment of CMIP6",
                "source_id":"MRI-JRA55-do-1-4-0",
                "source_type":"satellite_blended",
                "source_variables":[
                    "areacello",
                    "friver",
                    "huss",
                    "licalvf",
                    "prra",
                    "prsn",
                    "psl",
                    "rlds",
                    "sftof",
                    "siconc",
                    "siconca",
                    "sos",
                    "tas",
                    "tos",
                    "ts",
                    "uas",
                    "uos",
                    "vas",
                    "vos"
                ],
                "source_version":"1.4.0",
                "target_mip":"OMIP",
                "title":"MRI JRA55-do 1.4.0 dataset prepared for input4MIPs"
            },
            "MRI-JRA55-do-1-5-0":{
                "comment":"Based on JRA-55 reanalysis (1958-01 to 2020-07)",
                "contact":"Hiroyuki Tsujino (htsujino@mri-jma.go.jp)",
                "dataset_category":"atmosphericState",
                "further_info_url":"http://climate.mri-jma.go.jp/~htsujino/jra55do.html",
                "institution":"Meteorological Research Institute, Tsukuba, Ibaraki 305-0052, Japan",
                "institution_id":"MRI",
                "product":"reanalysis",
                "references":"Tsujino et al., 2018: JRA-55 based surface dataset for driving ocean-sea-ice models (JRA55-do), Ocean Modelling, 130(1), pp 79-139. https://doi.org/10.1016/j.ocemod.2018.07.002",
                "region":[
                    "global_ocean"
                ],
                "release_year":"2020",
                "source":"MRI JRA55-do 1.5.0: Atmospheric state generated for OMIP based on the JRA-55 reanalysis",
                "source_description":"Atmospheric state and terrestrial runoff datasets produced by MRI for the OMIP experiment of CMIP6",
                "source_id":"MRI-JRA55-do-1-5-0",
                "source_type":"satellite_blended",
                "source_variables":[
                    "areacello",
                    "friver",
                    "huss",
                    "licalvf",
                    "prra",
                    "prsn",
                    "psl",
                    "rlds",
                    "sftof",
                    "siconc",
                    "siconca",
                    "sos",
                    "tas",
                    "tos",
                    "ts",
                    "uas",
                    "uos",
                    "vas",
                    "vos"
                ],
                "source_version":"1.5.0",
                "target_mip":"OMIP",
                "title":"MRI JRA55-do 1.5.0 dataset prepared for input4MIPs"
            },
            "NorESM1-M-rcp26-1-0":{
                "comment":"Prepared using CMIP5 model NorESM1-M as input. A combination of historical and rcp26 datasets were used to create this ISMIP6 forcing dataset",
                "contact":"ISMIP6 Steering Team (ismip6@gmail.com)",
                "dataset_category":"surfaceFluxes",
                "further_info_url":"http://www.climate-cryosphere.org/wiki/index.php?title=ISMIP6_wiki_page",
                "institution":"NASA Goddard Space Flight Center, Greenbelt, MD 20771, USA",
                "institution_id":"NASA-GSFC",
                "nominal_resolution":"10 km",
                "product":"derived",
                "references":"Experimental protocol for sealevel projections from ISMIP6 standalone ice sheet models, Nowicki, S. et al, 2020, https://doi.org/10.5194/tc-2019-322",
                "release_year":"2020",
                "source":"NorESM1-M-rcp26-1-0 derived dataset computed from CMIP5 NorESM1-M historical and rcp26 simulations for ISMIP6",
                "source_description":"Ice sheet relevant datasets produced by the ISMIP6 Team for the standalone ice sheet experiment of ISMIP6",
                "source_id":"NorESM1-M-rcp26-1-0",
                "source_type":"AOGCM",
                "source_variables":[
                    "acabf",
                    "evspsbl",
                    "mrros",
                    "pr",
                    "sftflf",
                    "so",
                    "ts"
                ],
                "source_version":"1.0",
                "target_mip":"ISMIP6",
                "title":"ISMIP6 (CMIP6) - NorESM1-M-rcp26-1-0 derived data prepared for input4MIPs"
            },
            "NorESM1-M-rcp85-1-0":{
                "comment":"Prepared using CMIP5 model NorESM1-M as input. A combination of historical and rcp85 datasets were used to create this ISMIP6 forcing dataset",
                "contact":"ISMIP6 Steering Team (ismip6@gmail.com)",
                "dataset_category":"surfaceFluxes",
                "further_info_url":"http://www.climate-cryosphere.org/wiki/index.php?title=ISMIP6_wiki_page",
                "institution":"NASA Goddard Space Flight Center, Greenbelt, MD 20771, USA",
                "institution_id":"NASA-GSFC",
                "nominal_resolution":"10 km",
                "product":"derived",
                "references":"Experimental protocol for sealevel projections from ISMIP6 standalone ice sheet models, Nowicki, S. et al, 2020, https://doi.org/10.5194/tc-2019-322",
                "release_year":"2020",
                "source":"NorESM1-M-rcp85-1-0 derived dataset computed from CMIP5 NorESM1-M historical and rcp85 simulations for ISMIP6",
                "source_description":"Ice sheet relevant datasets produced by the ISMIP6 Team for the standalone ice sheet experiment of ISMIP6",
                "source_id":"NorESM1-M-rcp85-1-0",
                "source_type":"AOGCM",
                "source_variables":[
                    "acabf",
                    "evspsbl",
                    "mrros",
                    "pr",
                    "sftflf",
                    "so",
                    "ts"
                ],
                "source_version":"1.0",
                "target_mip":"ISMIP6",
                "title":"ISMIP6 (CMIP6) - NorESM1-M-rcp85-1-0 derived data prepared for input4MIPs"
            },
            "PCMDI-AMIP-1-1-3":{
                "source":"PCMDI-AMIP 1.1.3: Merged SST based on UK MetOffice HadISST and NCEP OI2"
            },
            "PCMDI-AMIP-1-1-4":{
                "comment":"Based on Hurrell SST/sea ice consistency criteria applied to merged HadISST (1870-01 to 1981-10) & NCEP-0I2 (1981-11 to 2017-12)",
                "contact":"PCMDI (pcmdi-cmip@llnl.gov)",
                "dataset_category":"SSTsAndSeaIce",
                "further_info_url":"https://pcmdi.llnl.gov/mips/amip",
                "grid":"1x1 degree longitude x latitude",
                "grid_label":"gn",
                "institution":"Program for Climate Model Diagnosis and Intercomparison, Lawrence Livermore National Laboratory, Livermore, CA 94550, USA",
                "institution_id":"PCMDI",
                "nominal_resolution":"1x1 degree",
                "product":"observations",
                "references":"Taylor, K.E., D. Williamson and F. Zwiers, 2000: The sea surface temperature and sea ice concentration boundary conditions for AMIP II simulations. PCMDI Report 60, Program for Climate Model Diagnosis and Intercomparison, Lawrence Livermore National Laboratory, 25 pp. Available online: https://pcmdi.llnl.gov/report/pdf/60.pdf",
                "region":[
                    "global_ocean"
                ],
                "release_year":"2018",
                "source":"PCMDI-AMIP 1.1.4: Merged SST based on UK MetOffice HadISST and NCEP OI2",
                "source_description":"Sea surface temperature and sea-ice datasets produced by PCMDI (LLNL) for the AMIP (DECK) experiment of CMIP6",
                "source_id":"PCMDI-AMIP-1-1-4",
                "source_type":"satellite_blended",
                "source_variables":[
                    "areacello",
                    "sftof",
                    "siconc",
                    "siconcbcs",
                    "tos",
                    "tosbcs"
                ],
                "source_version":"1.1.4",
                "target_mip":"CMIP",
                "title":"PCMDI-AMIP 1.1.4 dataset prepared for input4MIPs"
            },
            "PCMDI-AMIP-1-1-5":{
                "comment":"Based on Hurrell SST/sea ice consistency criteria applied to merged HadISST (1870-01 to 1981-10) & NCEP-0I2 (1981-11 to 2018-06)",
                "contact":"PCMDI (pcmdi-cmip@llnl.gov)",
                "dataset_category":"SSTsAndSeaIce",
                "further_info_url":"https://pcmdi.llnl.gov/mips/amip",
                "grid":"1x1 degree longitude x latitude",
                "grid_label":"gn",
                "institution":"Program for Climate Model Diagnosis and Intercomparison, Lawrence Livermore National Laboratory, Livermore, CA 94550, USA",
                "institution_id":"PCMDI",
                "nominal_resolution":"1x1 degree",
                "product":"observations",
                "references":"Taylor, K.E., D. Williamson and F. Zwiers, 2000: The sea surface temperature and sea ice concentration boundary conditions for AMIP II simulations. PCMDI Report 60, Program for Climate Model Diagnosis and Intercomparison, Lawrence Livermore National Laboratory, 25 pp. Available online: https://pcmdi.llnl.gov/report/pdf/60.pdf",
                "region":[
                    "global_ocean"
                ],
                "release_year":"2018",
                "source":"PCMDI-AMIP 1.1.5: Merged SST based on UK MetOffice HadISST and NCEP OI2",
                "source_description":"Sea surface temperature and sea-ice datasets produced by PCMDI (LLNL) for the AMIP (DECK) experiment of CMIP6",
                "source_id":"PCMDI-AMIP-1-1-5",
                "source_type":"satellite_blended",
                "source_variables":[
                    "areacello",
                    "sftof",
                    "siconc",
                    "siconcbcs",
                    "tos",
                    "tosbcs"
                ],
                "source_version":"1.1.5",
                "target_mip":"CMIP",
                "title":"PCMDI-AMIP 1.1.5 dataset prepared for input4MIPs"
            },
            "PCMDI-AMIP-1-1-6":{
                "comment":"Based on Hurrell SST/sea ice consistency criteria applied to merged HadISST (1870-01 to 1981-10) & NCEP-0I2 (1981-11 to 2018-12)",
                "contact":"PCMDI (pcmdi-cmip@llnl.gov)",
                "dataset_category":"SSTsAndSeaIce",
                "further_info_url":"https://pcmdi.llnl.gov/mips/amip",
                "grid":"1x1 degree longitude x latitude",
                "grid_label":"gn",
                "institution":"Program for Climate Model Diagnosis and Intercomparison, Lawrence Livermore National Laboratory, Livermore, CA 94550, USA",
                "institution_id":"PCMDI",
                "nominal_resolution":"1x1 degree",
                "product":"observations",
                "references":"Taylor, K.E., D. Williamson and F. Zwiers, 2000: The sea surface temperature and sea ice concentration boundary conditions for AMIP II simulations. PCMDI Report 60, Program for Climate Model Diagnosis and Intercomparison, Lawrence Livermore National Laboratory, 25 pp. Available online: https://pcmdi.llnl.gov/report/pdf/60.pdf",
                "region":[
                    "global_ocean"
                ],
                "release_year":"2019",
                "source":"PCMDI-AMIP 1.1.6: Merged SST based on UK MetOffice HadISST and NCEP OI2",
                "source_description":"Sea surface temperature and sea-ice datasets produced by PCMDI (LLNL) for the AMIP (DECK) experiment of CMIP6",
                "source_id":"PCMDI-AMIP-1-1-6",
                "source_type":"satellite_blended",
                "source_variables":[
                    "areacello",
                    "sftof",
                    "siconc",
                    "siconcbcs",
                    "tos",
                    "tosbcs"
                ],
                "source_version":"1.1.6",
                "target_mip":"CMIP",
                "title":"PCMDI-AMIP 1.1.6 dataset prepared for input4MIPs"
            },
            "PCMDI-AMIP-1-2-0":{
                "comment":"Based on Hurrell SST/sea ice consistency criteria applied to merged HadISST (1870-01 to 1981-10) & NCEP-0I2 (1981-11 to 2021-06)",
                "contact":"PCMDI (pcmdi-cmip@llnl.gov)",
                "dataset_category":"SSTsAndSeaIce",
                "further_info_url":"https://pcmdi.llnl.gov/mips/amip",
                "grid":"1x1 degree longitude x latitude",
                "grid_label":"gn",
                "institution":"Program for Climate Model Diagnosis and Intercomparison, Lawrence Livermore National Laboratory, Livermore, CA 94550, USA",
                "institution_id":"PCMDI",
                "mip_era":"CMIP6Plus",
                "nominal_resolution":"1x1 degree",
                "product":"observations",
                "references":"Taylor, K.E., D. Williamson and F. Zwiers, 2000: The sea surface temperature and sea ice concentration boundary conditions for AMIP II simulations. PCMDI Report 60, Program for Climate Model Diagnosis and Intercomparison, Lawrence Livermore National Laboratory, 25 pp. Available online: https://pcmdi.llnl.gov/report/pdf/60.pdf",
                "region":[
                    "global_ocean"
                ],
                "release_year":"2021",
                "source":"PCMDI-AMIP 1.2.0: Merged SST based on UK MetOffice HadISST and NCEP OI2",
                "source_description":"Sea surface temperature and sea-ice datasets produced by PCMDI (LLNL) for the AMIP (DECK) experiment of CMIP6",
                "source_id":"PCMDI-AMIP-1-2-0",
                "source_type":"satellite_blended",
                "source_variables":[
                    "areacello",
                    "sftof",
                    "siconc",
                    "siconcbcs",
                    "tos",
                    "tosbcs"
                ],
                "source_version":"1.2.0",
                "target_mip":"CMIP",
                "title":"PCMDI-AMIP 1.2.0 dataset prepared for input4MIPs"
            },
            "UKESM1-0-LL-ssp585-1-0":{
                "comment":"Prepared using CMIP6 model UKESM1-0-LL as input. A combination of historical and ssp585 datasets were used to create this ISMIP6 forcing dataset",
                "contact":"ISMIP6 Steering Team (ismip6@gmail.com)",
                "dataset_category":"surfaceFluxes",
                "further_info_url":"http://www.climate-cryosphere.org/wiki/index.php?title=ISMIP6_wiki_page",
                "institution":"NASA Goddard Space Flight Center, Greenbelt, MD 20771, USA",
                "institution_id":"NASA-GSFC",
                "nominal_resolution":"10 km",
                "product":"derived",
                "references":"Experimental protocol for sealevel projections from ISMIP6 standalone ice sheet models, Nowicki, S. et al, 2020, https://doi.org/10.5194/tc-2019-322",
                "release_year":"2020",
                "source":"UKESM1-0-LL-ssp585-1-0 derived dataset computed from CMIP6 UKESM1-0-LL historical and ssp585 simulations for ISMIP6",
                "source_description":"Ice sheet relevant datasets produced by the ISMIP6 Team for the standalone ice sheet experiment of ISMIP6",
                "source_id":"UKESM1-0-LL-ssp585-1-0",
                "source_type":"AOGCM",
                "source_variables":[
                    "acabf",
                    "evspsbl",
                    "mrros",
                    "pr",
                    "sftflf",
                    "so",
                    "ts"
                ],
                "source_version":"1.0",
                "target_mip":"ISMIP6",
                "title":"ISMIP6 (CMIP6) - UKESM1-0-LL-ssp585-1-0 derived data prepared for input4MIPs"
            }
        }
    }
}