{
    "Header":{
        "Conventions":"CF-1.7 CMIP-6.2",
        "approx_interval":"0.125000",
        "cmor_version":"3.2",
        "data_specs_version":"01.00.21",
        "generic_levels":"",
        "int_missing_value":"-999",
        "mip_era":"CMIP6",
        "missing_value":"1e20",
        "product":"input4MIPs",
        "realm":"atmos",
        "table_date":"22 February 2018",
        "table_id":"Table input4MIPs_A3hr"
    },
    "variable_entry":{
        "pr":{
            "cell_measures":"area: areacella",
            "cell_methods":"area: time: mean",
            "comment":"includes both liquid and solid phases",
            "dimensions":"longitude latitude time",
            "frequency":"3hr",
            "long_name":"Precipitation",
            "modeling_realm":"atmos",
            "ok_max_mean_abs":"",
            "ok_min_mean_abs":"",
            "out_name":"pr",
            "positive":"",
            "standard_name":"precipitation_flux",
            "type":"real",
            "units":"kg m-2 s-1",
            "valid_max":"",
            "valid_min":""
        },
        "prsn":{
            "cell_measures":"area: areacella",
            "cell_methods":"area: time: mean",
            "comment":"at surface; includes precipitation of all forms of water in the solid phase",
            "dimensions":"longitude latitude time",
            "frequency":"3hr",
            "long_name":"Snowfall Flux",
            "modeling_realm":"atmos",
            "ok_max_mean_abs":"",
            "ok_min_mean_abs":"",
            "out_name":"prsn",
            "positive":"",
            "standard_name":"snowfall_flux",
            "type":"real",
            "units":"kg m-2 s-1",
            "valid_max":"",
            "valid_min":""
        },
        "rlds":{
            "cell_measures":"area: areacella",
            "cell_methods":"area: time: mean",
            "comment":"",
            "dimensions":"longitude latitude time",
            "frequency":"3hr",
            "long_name":"Surface Downwelling Longwave Radiation",
            "modeling_realm":"atmos",
            "ok_max_mean_abs":"",
            "ok_min_mean_abs":"",
            "out_name":"rlds",
            "positive":"down",
            "standard_name":"surface_downwelling_longwave_flux_in_air",
            "type":"real",
            "units":"W m-2",
            "valid_max":"",
            "valid_min":""
        },
        "rsds":{
            "cell_measures":"area: areacella",
            "cell_methods":"area: time: mean",
            "comment":"surface solar irradiance for UV calculations",
            "dimensions":"longitude latitude time",
            "frequency":"3hr",
            "long_name":"Surface Downwelling Shortwave Radiation",
            "modeling_realm":"atmos",
            "ok_max_mean_abs":"",
            "ok_min_mean_abs":"",
            "out_name":"rsds",
            "positive":"down",
            "standard_name":"surface_downwelling_shortwave_flux_in_air",
            "type":"real",
            "units":"W m-2",
            "valid_max":"",
            "valid_min":""
        }
    }
}