{
    "Header":{
        "Conventions":"CF-1.7 CMIP-6.2",
        "approx_interval":"30.00000",
        "cmor_version":"3.2",
        "data_specs_version":"01.00.21",
        "generic_levels":"olevel",
        "int_missing_value":"-999",
        "mip_era":"CMIP6",
        "missing_value":"1e20",
        "product":"input4MIPs",
        "realm":"ocean",
        "table_date":"22 February 2018",
        "table_id":"Table input4MIPs_Oday"
    },
    "variable_entry":{
        "friver":{
            "cell_measures":"area: areacello",
            "cell_methods":"area: mean where sea time: mean",
            "comment":"computed as the river flux of water into the ocean divided by the area of the ocean portion of the grid cell",
            "dimensions":"longitude latitude time",
            "frequency":"day",
            "long_name":"Water Flux into Sea Water From Rivers",
            "modeling_realm":"ocean",
            "ok_max_mean_abs":"",
            "ok_min_mean_abs":"",
            "out_name":"friver",
            "positive":"",
            "standard_name":"water_flux_into_sea_water_from_rivers",
            "type":"real",
            "units":"kg m-2 s-1",
            "valid_max":"",
            "valid_min":""
        }
    }
}