{
    "Header":{
        "Conventions":"CF-1.7 CMIP-6.2",
        "approx_interval":"0.125000",
        "cmor_version":"3.4",
        "data_specs_version":"01.00.29",
        "generic_levels":"",
        "int_missing_value":"-999",
        "mip_era":"CMIP6",
        "missing_value":"1e20",
        "product":"input4MIPs",
        "realm":"atmos",
        "table_date":"30 January 2019",
        "table_id":"Table input4MIPs_A3hr"
    },
    "variable_entry":{
        "prra":{
            "cell_measures":"area: areacella",
            "cell_methods":"area: time: mean",
            "comment":"In accordance with common usage in geophysical disciplines, 'flux' implies per unit area, called 'flux density' in physics",
            "dimensions":"longitude latitude time",
            "frequency":"3hr",
            "long_name":"Rainfall Flux",
            "modeling_realm":"atmos",
            "ok_max_mean_abs":"",
            "ok_min_mean_abs":"",
            "out_name":"prra",
            "positive":"",
            "standard_name":"rainfall_flux",
            "type":"real",
            "units":"kg m-2 s-1",
            "valid_max":"",
            "valid_min":""
        },
        "prsn":{
            "cell_measures":"area: areacella",
            "cell_methods":"area: time: mean",
            "comment":"At surface; includes precipitation of all forms of water in the solid phase",
            "dimensions":"longitude latitude time",
            "frequency":"3hr",
            "long_name":"Snowfall Flux",
            "modeling_realm":"atmos",
            "ok_max_mean_abs":"",
            "ok_min_mean_abs":"",
            "out_name":"prsn",
            "positive":"",
            "standard_name":"snowfall_flux",
            "type":"real",
            "units":"kg m-2 s-1",
            "valid_max":"",
            "valid_min":""
        },
        "rlds":{
            "cell_measures":"area: areacella",
            "cell_methods":"area: time: mean",
            "comment":"The surface called 'surface' means the lower boundary of the atmosphere. 'longwave' means longwave radiation. Downwelling radiation is radiation from above. It does not mean 'net downward'. When thought of as being incident on a surface, a radiative flux is sometimes called 'irradiance'. In addition, it is identical with the quantity measured by a cosine-collector light-meter and sometimes called 'vector irradiance'. In accordance with common usage in geophysical disciplines, 'flux' implies per unit area, called 'flux density' in physics.",
            "dimensions":"longitude latitude time",
            "frequency":"3hr",
            "long_name":"Surface Downwelling Longwave Radiation",
            "modeling_realm":"atmos",
            "ok_max_mean_abs":"",
            "ok_min_mean_abs":"",
            "out_name":"rlds",
            "positive":"down",
            "standard_name":"surface_downwelling_longwave_flux_in_air",
            "type":"real",
            "units":"W m-2",
            "valid_max":"",
            "valid_min":""
        },
        "rsds":{
            "cell_measures":"area: areacella",
            "cell_methods":"area: time: mean",
            "comment":"Surface solar irradiance for UV calculations.",
            "dimensions":"longitude latitude time",
            "frequency":"3hr",
            "long_name":"Surface Downwelling Shortwave Radiation",
            "modeling_realm":"atmos",
            "ok_max_mean_abs":"",
            "ok_min_mean_abs":"",
            "out_name":"rsds",
            "positive":"down",
            "standard_name":"surface_downwelling_shortwave_flux_in_air",
            "type":"real",
            "units":"W m-2",
            "valid_max":"",
            "valid_min":""
        }
    }
}