{
    "axis_entry":{
        "alev1":{
            "axis":"Z",
            "bounds_values":"",
            "climatology":"",
            "formula":"",
            "long_name":"lowest atmospheric model level",
            "must_have_bounds":"yes",
            "out_name":"lev",
            "positive":"",
            "requested":"",
            "requested_bounds":"",
            "standard_name":"",
            "stored_direction":"",
            "tolerance":"",
            "type":"double",
            "units":"",
            "valid_max":"",
            "valid_min":"",
            "value":"",
            "z_bounds_factors":"",
            "z_factors":""
        },
        "alt16":{
            "axis":"Z",
            "bounds_values":"",
            "climatology":"",
            "formula":"",
            "long_name":"altitude",
            "must_have_bounds":"yes",
            "out_name":"alt16",
            "positive":"up",
            "requested":[
                "0",
                "250",
                "750",
                "1250",
                "1750",
                "2250",
                "2750",
                "3500",
                "4500",
                "6000",
                "8000",
                "10000",
                "12000",
                "14500",
                "16000",
                "18000"
            ],
            "requested_bounds":[
                "-99000.0",
                "0.0",
                "0.0",
                "500.0",
                "500.0",
                "1000.0",
                "1000.0",
                "1500.0",
                "1500.0",
                "2000.0",
                "2000.0",
                "2500.0",
                "2500.0",
                "3000.0",
                "3000.0",
                "4000.0",
                "4000.0",
                "5000.0",
                "5000.0",
                "7000.0",
                "7000.0",
                "9000.0",
                "9000.0",
                "11000.0",
                "11000.0",
                "13000.0",
                "13000.0",
                "15000.0",
                "15000.0",
                "17000.0",
                "17000.0",
                "99000.0"
            ],
            "standard_name":"altitude",
            "stored_direction":"increasing",
            "tolerance":"",
            "type":"double",
            "units":"m",
            "valid_max":"",
            "valid_min":"",
            "value":"",
            "z_bounds_factors":"",
            "z_factors":""
        },
        "alt40":{
            "axis":"Z",
            "bounds_values":"",
            "climatology":"",
            "formula":"",
            "long_name":"altitude",
            "must_have_bounds":"yes",
            "out_name":"alt40",
            "positive":"up",
            "requested":[
                "240.",
                "720.",
                "1200.",
                "1680.",
                "2160.",
                "2640.",
                "3120.",
                "3600.",
                "4080.",
                "4560.",
                "5040.",
                "5520.",
                "6000.",
                "6480.",
                "6960.",
                "7440.",
                "7920.",
                "8400.",
                "8880.",
                "9360.",
                "9840.",
                "10320.",
                "10800.",
                "11280.",
                "11760.",
                "12240.",
                "12720.",
                "13200.",
                "13680.",
                "14160.",
                "14640.",
                "15120.",
                "15600.",
                "16080.",
                "16560.",
                "17040.",
                "17520.",
                "18000.",
                "18480.",
                "18960."
            ],
            "requested_bounds":[
                "0.0",
                "480.0",
                "480.0",
                "960.0",
                "960.0",
                "1440.0",
                "1440.0",
                "1920.0",
                "1920.0",
                "2400.0",
                "2400.0",
                "2880.0",
                "2880.0",
                "3360.0",
                "3360.0",
                "3840.0",
                "3840.0",
                "4320.0",
                "4320.0",
                "4800.0",
                "4800.0",
                "5280.0",
                "5280.0",
                "5760.0",
                "5760.0",
                "6240.0",
                "6240.0",
                "6720.0",
                "6720.0",
                "7200.0",
                "7200.0",
                "7680.0",
                "7680.0",
                "8160.0",
                "8160.0",
                "8640.0",
                "8640.0",
                "9120.0",
                "9120.0",
                "9600.0",
                "9600.0",
                "10080.0",
                "10080.0",
                "10560.0",
                "10560.0",
                "11040.0",
                "11040.0",
                "11520.0",
                "11520.0",
                "12000.0",
                "12000.0",
                "12480.0",
                "12480.0",
                "12960.0",
                "12960.0",
                "13440.0",
                "13440.0",
                "13920.0",
                "13920.0",
                "14400.0",
                "14400.0",
                "14880.0",
                "14880.0",
                "15360.0",
                "15360.0",
                "15840.0",
                "15840.0",
                "16320.0",
                "16320.0",
                "16800.0",
                "16800.0",
                "17280.0",
                "17280.0",
                "17760.0",
                "17760.0",
                "18240.0",
                "18240.0",
                "18720.0",
                "18720.0",
                "19200.0"
            ],
            "standard_name":"altitude",
            "stored_direction":"increasing",
            "tolerance":"",
            "type":"double",
            "units":"m",
            "valid_max":"",
            "valid_min":"",
            "value":"",
            "z_bounds_factors":"",
            "z_factors":""
        },
        "alternate_hybrid_sigma":{
            "axis":"Z",
            "bounds_values":"",
            "climatology":"",
            "formula":"p = ap + b*ps",
            "long_name":"hybrid sigma pressure coordinate",
            "must_have_bounds":"yes",
            "out_name":"lev",
            "positive":"down",
            "requested":"",
            "requested_bounds":"",
            "standard_name":"atmosphere_hybrid_sigma_pressure_coordinate",
            "stored_direction":"decreasing",
            "tolerance":"",
            "type":"",
            "units":"1",
            "valid_max":"1.0",
            "valid_min":"0.0",
            "value":"",
            "z_bounds_factors":"ap: ap_bnds b: b_bnds ps: ps",
            "z_factors":"ap: ap b: b ps: ps"
        },
        "basin":{
            "axis":"",
            "bounds_values":"",
            "climatology":"",
            "formula":"",
            "long_name":"ocean basin",
            "must_have_bounds":"no",
            "out_name":"basin",
            "positive":"",
            "requested":[
                "atlantic_arctic_ocean",
                "indian_pacific_ocean",
                "global_ocean"
            ],
            "requested_bounds":"",
            "standard_name":"region",
            "stored_direction":"",
            "tolerance":"",
            "type":"character",
            "units":"",
            "valid_max":"",
            "valid_min":"",
            "value":"",
            "z_bounds_factors":"",
            "z_factors":""
        },
        "dbze":{
            "axis":"",
            "bounds_values":"",
            "climatology":"",
            "formula":"",
            "long_name":"CloudSat simulator equivalent radar reflectivity factor",
            "must_have_bounds":"yes",
            "out_name":"dbze",
            "positive":"",
            "requested":[
                "-47.5",
                "-42.5",
                "-37.5",
                "-32.5",
                "-27.5",
                "-22.5",
                "-17.5",
                "-12.5",
                "-7.5",
                "-2.5",
                "2.5",
                "7.5",
                "12.5",
                "17.5",
                "22.5"
            ],
            "requested_bounds":[
                "-50.0",
                "-45.0",
                "-45.0",
                "-40.0",
                "-40.0",
                "-35.0",
                "-35.0",
                "-30.0",
                "-30.0",
                "-25.0",
                "-25.0",
                "-20.0",
                "-20.0",
                "-15.0",
                "-15.0",
                "-10.0",
                "-10.0",
                "-5.0",
                "-5.0",
                "0.0",
                "0.0",
                "5.0",
                "5.0",
                "10.0",
                "10.0",
                "15.0",
                "15.0",
                "20.0",
                "20.0",
                "25.0"
            ],
            "standard_name":"equivalent_reflectivity_factor",
            "stored_direction":"increasing",
            "tolerance":"",
            "type":"double",
            "units":"dBZ",
            "valid_max":"",
            "valid_min":"",
            "value":"",
            "z_bounds_factors":"",
            "z_factors":""
        },
        "depth0m":{
            "axis":"Z",
            "bounds_values":"",
            "climatology":"",
            "formula":"",
            "long_name":"depth",
            "must_have_bounds":"no",
            "out_name":"depth",
            "positive":"down",
            "requested":"",
            "requested_bounds":"",
            "standard_name":"depth",
            "stored_direction":"increasing",
            "tolerance":"",
            "type":"double",
            "units":"m",
            "valid_max":"100.0",
            "valid_min":"0.0",
            "value":"0.",
            "z_bounds_factors":"",
            "z_factors":""
        },
        "depth100m":{
            "axis":"Z",
            "bounds_values":"",
            "climatology":"",
            "formula":"",
            "long_name":"depth",
            "must_have_bounds":"no",
            "out_name":"depth",
            "positive":"down",
            "requested":"",
            "requested_bounds":"",
            "standard_name":"depth",
            "stored_direction":"increasing",
            "tolerance":"",
            "type":"double",
            "units":"m",
            "valid_max":"120.0",
            "valid_min":"80.0",
            "value":"100.",
            "z_bounds_factors":"",
            "z_factors":""
        },
        "depth2000m":{
            "axis":"Z",
            "bounds_values":"",
            "climatology":"",
            "formula":"",
            "long_name":"depth",
            "must_have_bounds":"no",
            "out_name":"depth",
            "positive":"down",
            "requested":"",
            "requested_bounds":"",
            "standard_name":"depth",
            "stored_direction":"increasing",
            "tolerance":"",
            "type":"double",
            "units":"m",
            "valid_max":"2020.0",
            "valid_min":"1980.0",
            "value":"2000",
            "z_bounds_factors":"",
            "z_factors":""
        },
        "depth300m":{
            "axis":"Z",
            "bounds_values":"",
            "climatology":"",
            "formula":"",
            "long_name":"depth",
            "must_have_bounds":"no",
            "out_name":"depth",
            "positive":"down",
            "requested":"",
            "requested_bounds":"",
            "standard_name":"depth",
            "stored_direction":"increasing",
            "tolerance":"",
            "type":"double",
            "units":"m",
            "valid_max":"320.0",
            "valid_min":"280.0",
            "value":"300",
            "z_bounds_factors":"",
            "z_factors":""
        },
        "depth700m":{
            "axis":"Z",
            "bounds_values":"",
            "climatology":"",
            "formula":"",
            "long_name":"depth",
            "must_have_bounds":"no",
            "out_name":"depth",
            "positive":"down",
            "requested":"",
            "requested_bounds":"",
            "standard_name":"depth",
            "stored_direction":"increasing",
            "tolerance":"",
            "type":"double",
            "units":"m",
            "valid_max":"720.0",
            "valid_min":"680.0",
            "value":"700",
            "z_bounds_factors":"",
            "z_factors":""
        },
        "depth_coord":{
            "axis":"Z",
            "bounds_values":"",
            "climatology":"",
            "formula":"",
            "long_name":"ocean depth coordinate",
            "must_have_bounds":"yes",
            "out_name":"lev",
            "positive":"down",
            "requested":"",
            "requested_bounds":"",
            "standard_name":"depth",
            "stored_direction":"increasing",
            "tolerance":"",
            "type":"",
            "units":"m",
            "valid_max":"12000.0",
            "valid_min":"0.0",
            "value":"",
            "z_bounds_factors":"",
            "z_factors":""
        },
        "effectRadIc":{
            "axis":"",
            "bounds_values":"",
            "climatology":"",
            "formula":"",
            "long_name":"Effective Radius [Values to be specified]",
            "must_have_bounds":"",
            "out_name":"effectRadIc",
            "positive":"",
            "requested":[
                "5.",
                "15.",
                "25.",
                "35.",
                "50.",
                "75."
            ],
            "requested_bounds":[
                "0.0",
                "10.0",
                "10.0",
                "20.0",
                "20.0",
                "30.0",
                "30.0",
                "40.0",
                "40.0",
                "60.0",
                "60.0",
                "90.0"
            ],
            "standard_name":"",
            "stored_direction":"",
            "tolerance":"",
            "type":"double",
            "units":"micron",
            "valid_max":"",
            "valid_min":"",
            "value":"",
            "z_bounds_factors":"",
            "z_factors":""
        },
        "effectRadLi":{
            "axis":"",
            "bounds_values":"",
            "climatology":"",
            "formula":"",
            "long_name":"Effective Radius [Values to be specified]",
            "must_have_bounds":"",
            "out_name":"effectRadLi",
            "positive":"",
            "requested":[
                "4.",
                "9.",
                "11.5",
                "14.",
                "17.5",
                "25."
            ],
            "requested_bounds":[
                "0.0",
                "8.0",
                "8.0",
                "10.0",
                "10.0",
                "13.0",
                "13.0",
                "15.0",
                "15.0",
                "20.0",
                "20.0",
                "30.0"
            ],
            "standard_name":"",
            "stored_direction":"",
            "tolerance":"",
            "type":"double",
            "units":"micron",
            "valid_max":"",
            "valid_min":"",
            "value":"",
            "z_bounds_factors":"",
            "z_factors":""
        },
        "height100m":{
            "axis":"Z",
            "bounds_values":"",
            "climatology":"",
            "formula":"",
            "long_name":"height",
            "must_have_bounds":"no",
            "out_name":"height",
            "positive":"up",
            "requested":"",
            "requested_bounds":"",
            "standard_name":"height",
            "stored_direction":"increasing",
            "tolerance":"",
            "type":"double",
            "units":"m",
            "valid_max":"120.0",
            "valid_min":"80.0",
            "value":"100.",
            "z_bounds_factors":"",
            "z_factors":""
        },
        "height10m":{
            "axis":"Z",
            "bounds_values":"",
            "climatology":"",
            "formula":"",
            "long_name":"height",
            "must_have_bounds":"no",
            "out_name":"height",
            "positive":"up",
            "requested":"",
            "requested_bounds":"",
            "standard_name":"height",
            "stored_direction":"increasing",
            "tolerance":"",
            "type":"double",
            "units":"m",
            "valid_max":"30.0",
            "valid_min":"1.0",
            "value":"10.",
            "z_bounds_factors":"",
            "z_factors":""
        },
        "height2m":{
            "axis":"Z",
            "bounds_values":"",
            "climatology":"",
            "formula":"",
            "long_name":"height",
            "must_have_bounds":"no",
            "out_name":"height",
            "positive":"up",
            "requested":"",
            "requested_bounds":"",
            "standard_name":"height",
            "stored_direction":"increasing",
            "tolerance":"",
            "type":"double",
            "units":"m",
            "valid_max":"10.0",
            "valid_min":"1.0",
            "value":"2.",
            "z_bounds_factors":"",
            "z_factors":""
        },
        "hybrid_height":{
            "axis":"Z",
            "bounds_values":"",
            "climatology":"",
            "formula":"z = a + b*orog",
            "long_name":"hybrid height coordinate",
            "must_have_bounds":"yes",
            "out_name":"lev",
            "positive":"up",
            "requested":"",
            "requested_bounds":"",
            "standard_name":"atmosphere_hybrid_height_coordinate",
            "stored_direction":"increasing",
            "tolerance":"",
            "type":"",
            "units":"m",
            "valid_max":"",
            "valid_min":"0.0",
            "value":"",
            "z_bounds_factors":"a: lev_bnds b: b_bnds orog: orog",
            "z_factors":"a: lev b: b orog: orog"
        },
        "iceband":{
            "axis":"",
            "bounds_values":"",
            "climatology":"",
            "formula":"",
            "long_name":"Ice Depth Band",
            "must_have_bounds":"yes",
            "out_name":"iceband",
            "positive":"",
            "requested":"",
            "requested_bounds":"",
            "standard_name":"sea_ice_thickness",
            "stored_direction":"",
            "tolerance":"",
            "type":"double",
            "units":"m",
            "valid_max":"",
            "valid_min":"",
            "value":"",
            "z_bounds_factors":"",
            "z_factors":""
        },
        "lambda550nm":{
            "axis":"",
            "bounds_values":"",
            "climatology":"",
            "formula":"",
            "long_name":"Radiation Wavelength 550 nanometers",
            "must_have_bounds":"yes",
            "out_name":"wavelength",
            "positive":"",
            "requested":"",
            "requested_bounds":"",
            "standard_name":"radiation_wavelength",
            "stored_direction":"",
            "tolerance":"",
            "type":"double",
            "units":"nm",
            "valid_max":"",
            "valid_min":"",
            "value":"550.0",
            "z_bounds_factors":"",
            "z_factors":""
        },
        "landUse":{
            "axis":"",
            "bounds_values":"",
            "climatology":"",
            "formula":"",
            "long_name":"Land use type",
            "must_have_bounds":"no",
            "out_name":"landuse",
            "positive":"",
            "requested":[
                "primary_and_secondary_land",
                "pastures",
                "crops",
                "urban"
            ],
            "requested_bounds":"",
            "standard_name":"area_type",
            "stored_direction":"",
            "tolerance":"",
            "type":"character",
            "units":"",
            "valid_max":"",
            "valid_min":"",
            "value":"",
            "z_bounds_factors":"",
            "z_factors":""
        },
        "latitude":{
            "axis":"Y",
            "bounds_values":"",
            "climatology":"",
            "formula":"",
            "long_name":"latitude",
            "must_have_bounds":"yes",
            "out_name":"lat",
            "positive":"",
            "requested":"",
            "requested_bounds":"",
            "standard_name":"latitude",
            "stored_direction":"increasing",
            "tolerance":"",
            "type":"double",
            "units":"degrees_north",
            "valid_max":"90.0",
            "valid_min":"-90.0",
            "value":"",
            "z_bounds_factors":"",
            "z_factors":""
        },
        "location":{
            "axis":"",
            "bounds_values":"",
            "climatology":"",
            "formula":"",
            "long_name":"location index",
            "must_have_bounds":"no",
            "out_name":"loc",
            "positive":"",
            "requested":"",
            "requested_bounds":"",
            "standard_name":"",
            "stored_direction":"increasing",
            "tolerance":"",
            "type":"integer",
            "units":"",
            "valid_max":"",
            "valid_min":"",
            "value":"",
            "z_bounds_factors":"",
            "z_factors":""
        },
        "longitude":{
            "axis":"X",
            "bounds_values":"",
            "climatology":"",
            "formula":"",
            "long_name":"longitude",
            "must_have_bounds":"yes",
            "out_name":"lon",
            "positive":"",
            "requested":"",
            "requested_bounds":"",
            "standard_name":"longitude",
            "stored_direction":"increasing",
            "tolerance":"",
            "type":"double",
            "units":"degrees_east",
            "valid_max":"360.0",
            "valid_min":"0.0",
            "value":"",
            "z_bounds_factors":"",
            "z_factors":""
        },
        "natural_log_pressure":{
            "axis":"Z",
            "bounds_values":"",
            "climatology":"",
            "formula":"p = p0 * exp(-lev)",
            "long_name":"atmosphere natural log pressure coordinate",
            "must_have_bounds":"yes",
            "out_name":"lev",
            "positive":"down",
            "requested":"",
            "requested_bounds":"",
            "standard_name":"atmosphere_ln_pressure_coordinate",
            "stored_direction":"decreasing",
            "tolerance":"",
            "type":"",
            "units":"",
            "valid_max":"20.0",
            "valid_min":"-1.0",
            "value":"",
            "z_bounds_factors":"p0: p0 lev: lev_bnds",
            "z_factors":"p0: p0 lev: lev"
        },
        "ocean_double_sigma":{
            "axis":"Z",
            "bounds_values":"",
            "climatology":"",
            "formula":"for k <= k_c:\n z(k,j,i)= sigma(k)*f(j,i) \n for k > k_c:\n z(k,j,i)= f(j,i) + (sigma(k)-1)*(depth(j,i)-f(j,i)) \n f(j,i)= 0.5*(z1+ z2) + 0.5*(z1-z2)* tanh(2*a/(z1-z2)*(depth(j,i)-href))",
            "long_name":"ocean double sigma coordinate",
            "must_have_bounds":"yes",
            "out_name":"lev",
            "positive":"up",
            "requested":"",
            "requested_bounds":"",
            "standard_name":"ocean_double_sigma",
            "stored_direction":"",
            "tolerance":"",
            "type":"",
            "units":"",
            "valid_max":"",
            "valid_min":"",
            "value":"",
            "z_bounds_factors":"sigma: sigma_bnds depth: depth z1: z1 z2: z2 a: a href: href k_c: k_c",
            "z_factors":"sigma: sigma depth: depth z1: z1 z2: z2 a: a_coeff href: href k_c: k_c"
        },
        "ocean_s":{
            "axis":"Z",
            "bounds_values":"",
            "climatology":"",
            "formula":"z(n,k,j,i) = eta(n,j,i)*(1+s(k)) + depth_c*s(k) + (depth(j,i)-depth_c)*C(k) \n where \n C(k)=(1-b)*sinh(a*s(k))/sinh(a) +\n           b*(tanh(a*(s(k)+0.5))/(2*tanh(0.5*a)) - 0.5)",
            "long_name":"ocean s-coordinate",
            "must_have_bounds":"yes",
            "out_name":"lev",
            "positive":"up",
            "requested":"",
            "requested_bounds":"",
            "standard_name":"ocean_s_coordinate",
            "stored_direction":"decreasing",
            "tolerance":"",
            "type":"",
            "units":"",
            "valid_max":"0.0",
            "valid_min":"-1.0",
            "value":"",
            "z_bounds_factors":"s: lev_bnds eta: eta depth: depth a: a b: b depth_c: depth_c",
            "z_factors":"s: lev eta: eta depth: depth a: a_coeff b: b_coeff depth_c: depth_c"
        },
        "ocean_sigma":{
            "axis":"Z",
            "bounds_values":"",
            "climatology":"",
            "formula":"z(n,k,j,i) = eta(n,j,i) + sigma(k)*(depth(j,i)+eta(n,j,i))",
            "long_name":"ocean sigma coordinate",
            "must_have_bounds":"yes",
            "out_name":"lev",
            "positive":"up",
            "requested":"",
            "requested_bounds":"",
            "standard_name":"ocean_sigma_coordinate",
            "stored_direction":"decreasing",
            "tolerance":"",
            "type":"",
            "units":"",
            "valid_max":"0.0",
            "valid_min":"-1.0",
            "value":"",
            "z_bounds_factors":"sigma: lev_bnds eta: eta depth: depth",
            "z_factors":"sigma: lev eta: eta depth: depth"
        },
        "ocean_sigma_z":{
            "axis":"Z",
            "bounds_values":"",
            "climatology":"",
            "formula":"for k <= nsigma: z(n,k,j,i) = eta(n,j,i) + sigma(k)*(min(depth_c,depth(j,i))+eta(n,j,i)) ; for k > nsigma: z(n,k,j,i) = zlev(k)",
            "long_name":"ocean sigma over z coordinate",
            "must_have_bounds":"yes",
            "out_name":"lev",
            "positive":"",
            "requested":"",
            "requested_bounds":"",
            "standard_name":"ocean_sigma_z",
            "stored_direction":"",
            "tolerance":"",
            "type":"",
            "units":"",
            "valid_max":"",
            "valid_min":"",
            "value":"",
            "z_bounds_factors":"sigma: sigma_bnds eta: eta depth: depth depth_c: depth_c nsigma: nsigma zlev: zlev_bnds",
            "z_factors":"sigma: sigma eta: eta depth: depth depth_c: depth_c nsigma: nsigma zlev: zlev"
        },
        "olayer100m":{
            "axis":"Z",
            "bounds_values":"0.0 100.0",
            "climatology":"",
            "formula":"",
            "long_name":"depth",
            "must_have_bounds":"no",
            "out_name":"depth",
            "positive":"down",
            "requested":"",
            "requested_bounds":"",
            "standard_name":"depth",
            "stored_direction":"increasing",
            "tolerance":"",
            "type":"double",
            "units":"m",
            "valid_max":"100.0",
            "valid_min":"0.0",
            "value":"50.",
            "z_bounds_factors":"",
            "z_factors":""
        },
        "oline":{
            "axis":"",
            "bounds_values":"",
            "climatology":"",
            "formula":"",
            "long_name":"ocean passage",
            "must_have_bounds":"no",
            "out_name":"line",
            "positive":"",
            "requested":[
                "barents_opening",
                "bering_strait",
                "canadian_archipelago",
                "denmark_strait",
                "drake_passage",
                "english_channel",
                "pacific_equatorial_undercurrent",
                "faroe_scotland_channel",
                "florida_bahamas_strait",
                "fram_strait",
                "iceland_faroe_channel",
                "indonesian_throughflow",
                "mozambique_channel",
                "taiwan_luzon_straits",
                "windward_passage"
            ],
            "requested_bounds":"",
            "standard_name":"region",
            "stored_direction":"",
            "tolerance":"",
            "type":"character",
            "units":"",
            "valid_max":"",
            "valid_min":"",
            "value":"",
            "z_bounds_factors":"",
            "z_factors":""
        },
        "p10":{
            "axis":"Z",
            "bounds_values":"",
            "climatology":"",
            "formula":"",
            "long_name":"pressure",
            "must_have_bounds":"no",
            "out_name":"plev",
            "positive":"down",
            "requested":"",
            "requested_bounds":"",
            "standard_name":"air_pressure",
            "stored_direction":"",
            "tolerance":"",
            "type":"double",
            "units":"Pa",
            "valid_max":"",
            "valid_min":"",
            "value":"1000.",
            "z_bounds_factors":"",
            "z_factors":""
        },
        "p100":{
            "axis":"Z",
            "bounds_values":"",
            "climatology":"",
            "formula":"",
            "long_name":"pressure",
            "must_have_bounds":"no",
            "out_name":"plev",
            "positive":"down",
            "requested":"",
            "requested_bounds":"",
            "standard_name":"air_pressure",
            "stored_direction":"",
            "tolerance":"",
            "type":"double",
            "units":"Pa",
            "valid_max":"",
            "valid_min":"",
            "value":"10000.",
            "z_bounds_factors":"",
            "z_factors":""
        },
        "p1000":{
            "axis":"Z",
            "bounds_values":"",
            "climatology":"",
            "formula":"",
            "long_name":"pressure",
            "must_have_bounds":"no",
            "out_name":"plev",
            "positive":"down",
            "requested":"",
            "requested_bounds":"",
            "standard_name":"air_pressure",
            "stored_direction":"",
            "tolerance":"",
            "type":"double",
            "units":"Pa",
            "valid_max":"",
            "valid_min":"",
            "value":"100000.",
            "z_bounds_factors":"",
            "z_factors":""
        },
        "p200":{
            "axis":"Z",
            "bounds_values":"",
            "climatology":"",
            "formula":"",
            "long_name":"pressure",
            "must_have_bounds":"no",
            "out_name":"plev",
            "positive":"down",
            "requested":"",
            "requested_bounds":"",
            "standard_name":"air_pressure",
            "stored_direction":"",
            "tolerance":"",
            "type":"double",
            "units":"Pa",
            "valid_max":"",
            "valid_min":"",
            "value":"20000.",
            "z_bounds_factors":"",
            "z_factors":""
        },
        "p220":{
            "axis":"Z",
            "bounds_values":"44000.0 0.0",
            "climatology":"",
            "formula":"",
            "long_name":"pressure",
            "must_have_bounds":"yes",
            "out_name":"plev",
            "positive":"down",
            "requested":"",
            "requested_bounds":"",
            "standard_name":"air_pressure",
            "stored_direction":"decreasing",
            "tolerance":"",
            "type":"double",
            "units":"Pa",
            "valid_max":"",
            "valid_min":"",
            "value":"22000.",
            "z_bounds_factors":"",
            "z_factors":""
        },
        "p500":{
            "axis":"Z",
            "bounds_values":"",
            "climatology":"",
            "formula":"",
            "long_name":"pressure",
            "must_have_bounds":"no",
            "out_name":"plev",
            "positive":"down",
            "requested":"",
            "requested_bounds":"",
            "standard_name":"air_pressure",
            "stored_direction":"",
            "tolerance":"",
            "type":"double",
            "units":"Pa",
            "valid_max":"",
            "valid_min":"",
            "value":"50000.",
            "z_bounds_factors":"",
            "z_factors":""
        },
        "p560":{
            "axis":"Z",
            "bounds_values":"68000.0 44000.0",
            "climatology":"",
            "formula":"",
            "long_name":"pressure",
            "must_have_bounds":"yes",
            "out_name":"plev",
            "positive":"down",
            "requested":"",
            "requested_bounds":"",
            "standard_name":"air_pressure",
            "stored_direction":"decreasing",
            "tolerance":"",
            "type":"double",
            "units":"Pa",
            "valid_max":"",
            "valid_min":"",
            "value":"56000.",
            "z_bounds_factors":"",
            "z_factors":""
        },
        "p700":{
            "axis":"Z",
            "bounds_values":"",
            "climatology":"",
            "formula":"",
            "long_name":"pressure",
            "must_have_bounds":"no",
            "out_name":"plev",
            "positive":"down",
            "requested":"",
            "requested_bounds":"",
            "standard_name":"air_pressure",
            "stored_direction":"",
            "tolerance":"",
            "type":"double",
            "units":"Pa",
            "valid_max":"",
            "valid_min":"",
            "value":"70000.",
            "z_bounds_factors":"",
            "z_factors":""
        },
        "p840":{
            "axis":"Z",
            "bounds_values":"100000.0 68000.0",
            "climatology":"",
            "formula":"",
            "long_name":"pressure",
            "must_have_bounds":"yes",
            "out_name":"plev",
            "positive":"down",
            "requested":"",
            "requested_bounds":"",
            "standard_name":"air_pressure",
            "stored_direction":"decreasing",
            "tolerance":"",
            "type":"double",
            "units":"Pa",
            "valid_max":"",
            "valid_min":"",
            "value":"84000.",
            "z_bounds_factors":"",
            "z_factors":""
        },
        "p850":{
            "axis":"Z",
            "bounds_values":"",
            "climatology":"",
            "formula":"",
            "long_name":"pressure",
            "must_have_bounds":"no",
            "out_name":"plev",
            "positive":"down",
            "requested":"",
            "requested_bounds":"",
            "standard_name":"air_pressure",
            "stored_direction":"",
            "tolerance":"",
            "type":"double",
            "units":"Pa",
            "valid_max":"",
            "valid_min":"",
            "value":"85000.",
            "z_bounds_factors":"",
            "z_factors":""
        },
        "pl700":{
            "axis":"Z",
            "bounds_values":"85000.0 60000.0",
            "climatology":"",
            "formula":"",
            "long_name":"pressure",
            "must_have_bounds":"yes",
            "out_name":"plev",
            "positive":"down",
            "requested":"",
            "requested_bounds":"",
            "standard_name":"air_pressure",
            "stored_direction":"",
            "tolerance":"",
            "type":"double",
            "units":"Pa",
            "valid_max":"",
            "valid_min":"",
            "value":"70000.",
            "z_bounds_factors":"",
            "z_factors":""
        },
        "plev10":{
            "axis":"Z",
            "bounds_values":"",
            "climatology":"",
            "formula":"",
            "long_name":"pressure",
            "must_have_bounds":"no",
            "out_name":"plev",
            "positive":"down",
            "requested":[
                "100000.",
                "85000.",
                "70000.",
                "50000.",
                "25000.",
                "15000.",
                "10000.",
                "7000.",
                "5000.",
                "1000."
            ],
            "requested_bounds":"",
            "standard_name":"air_pressure",
            "stored_direction":"decreasing",
            "tolerance":"",
            "type":"double",
            "units":"Pa",
            "valid_max":"",
            "valid_min":"",
            "value":"",
            "z_bounds_factors":"",
            "z_factors":""
        },
        "plev19":{
            "axis":"Z",
            "bounds_values":"",
            "climatology":"",
            "formula":"",
            "long_name":"pressure",
            "must_have_bounds":"no",
            "out_name":"plev",
            "positive":"down",
            "requested":[
                "100000.",
                "92500.",
                "85000.",
                "70000.",
                "60000.",
                "50000.",
                "40000.",
                "30000.",
                "25000.",
                "20000.",
                "15000.",
                "10000.",
                "7000.",
                "5000.",
                "3000.",
                "2000.",
                "1000.",
                "500.",
                "100."
            ],
            "requested_bounds":"",
            "standard_name":"air_pressure",
            "stored_direction":"decreasing",
            "tolerance":"",
            "type":"double",
            "units":"Pa",
            "valid_max":"",
            "valid_min":"",
            "value":"",
            "z_bounds_factors":"",
            "z_factors":""
        },
        "plev23":{
            "axis":"Z",
            "bounds_values":"",
            "climatology":"",
            "formula":"",
            "long_name":"pressure",
            "must_have_bounds":"no",
            "out_name":"plev",
            "positive":"down",
            "requested":[
                "100000.",
                "92500.",
                "85000.",
                "70000.",
                "60000.",
                "50000.",
                "40000.",
                "30000.",
                "25000.",
                "20000.",
                "15000.",
                "10000.",
                "7000.",
                "5000.",
                "3000.",
                "2000.",
                "1000.",
                "700.",
                "500.",
                "300.",
                "200.",
                "100.",
                "40."
            ],
            "requested_bounds":"",
            "standard_name":"air_pressure",
            "stored_direction":"decreasing",
            "tolerance":"",
            "type":"double",
            "units":"Pa",
            "valid_max":"",
            "valid_min":"",
            "value":"",
            "z_bounds_factors":"",
            "z_factors":""
        },
        "plev27":{
            "axis":"Z",
            "bounds_values":"",
            "climatology":"",
            "formula":"",
            "long_name":"pressure",
            "must_have_bounds":"no",
            "out_name":"plev",
            "positive":"down",
            "requested":[
                "100000.",
                "97500.",
                "95000.",
                "92500.",
                "90000.",
                "87500.",
                "85000.",
                "82500.",
                "80000.",
                "77500.",
                "75000.",
                "70000.",
                "65000.",
                "60000.",
                "55000.",
                "50000.",
                "45000.",
                "40000.",
                "35000.",
                "30000.",
                "25000.",
                "22500.",
                "20000.",
                "17500.",
                "15000.",
                "12500.",
                "10000."
            ],
            "requested_bounds":"",
            "standard_name":"air_pressure",
            "stored_direction":"decreasing",
            "tolerance":"",
            "type":"double",
            "units":"Pa",
            "valid_max":"",
            "valid_min":"",
            "value":"",
            "z_bounds_factors":"",
            "z_factors":""
        },
        "plev3":{
            "axis":"Z",
            "bounds_values":"",
            "climatology":"",
            "formula":"",
            "long_name":"pressure",
            "must_have_bounds":"no",
            "out_name":"plev",
            "positive":"down",
            "requested":[
                "85000.",
                "50000.",
                "25000."
            ],
            "requested_bounds":"",
            "standard_name":"air_pressure",
            "stored_direction":"decreasing",
            "tolerance":"",
            "type":"double",
            "units":"Pa",
            "valid_max":"",
            "valid_min":"",
            "value":"",
            "z_bounds_factors":"",
            "z_factors":""
        },
        "plev39":{
            "axis":"Z",
            "bounds_values":"",
            "climatology":"",
            "formula":"",
            "long_name":"pressure",
            "must_have_bounds":"no",
            "out_name":"plev",
            "positive":"down",
            "requested":[
                "100000.",
                "92500.",
                "85000.",
                "70000.",
                "60000.",
                "50000.",
                "40000.",
                "30000.",
                "25000.",
                "20000.",
                "17000.",
                "15000.",
                "13000.",
                "11500.",
                "10000.",
                "9000.",
                "8000.",
                "7000.",
                "5000.",
                "3000.",
                "2000.",
                "1500.",
                "1000.",
                "700.",
                "500.",
                "300.",
                "200.",
                "150.",
                "100.",
                "70.",
                "50.",
                "40.",
                "30.",
                "20.",
                "15.",
                "10.",
                "7.",
                "5.",
                "3."
            ],
            "requested_bounds":"",
            "standard_name":"air_pressure",
            "stored_direction":"decreasing",
            "tolerance":"",
            "type":"double",
            "units":"Pa",
            "valid_max":"",
            "valid_min":"",
            "value":"",
            "z_bounds_factors":"",
            "z_factors":""
        },
        "plev3h":{
            "axis":"Z",
            "bounds_values":"",
            "climatology":"",
            "formula":"",
            "long_name":"pressure",
            "must_have_bounds":"no",
            "out_name":"plev",
            "positive":"down",
            "requested":[
                "10000.",
                "1000.",
                "100."
            ],
            "requested_bounds":"",
            "standard_name":"air_pressure",
            "stored_direction":"decreasing",
            "tolerance":"",
            "type":"double",
            "units":"Pa",
            "valid_max":"",
            "valid_min":"",
            "value":"",
            "z_bounds_factors":"",
            "z_factors":""
        },
        "plev4":{
            "axis":"Z",
            "bounds_values":"",
            "climatology":"",
            "formula":"",
            "long_name":"pressure",
            "must_have_bounds":"no",
            "out_name":"plev",
            "positive":"down",
            "requested":[
                "92500.",
                "85000.",
                "50000.",
                "25000."
            ],
            "requested_bounds":"",
            "standard_name":"air_pressure",
            "stored_direction":"decreasing",
            "tolerance":"",
            "type":"double",
            "units":"Pa",
            "valid_max":"",
            "valid_min":"",
            "value":"",
            "z_bounds_factors":"",
            "z_factors":""
        },
        "plev7":{
            "axis":"Z",
            "bounds_values":"",
            "climatology":"",
            "formula":"",
            "long_name":"pressure",
            "must_have_bounds":"yes",
            "out_name":"plev",
            "positive":"down",
            "requested":[
                "90000.",
                "74000.",
                "62000.",
                "50000.",
                "37500.",
                "24500.",
                "9000."
            ],
            "requested_bounds":[
                "100000.",
                "80000.",
                "80000.",
                "68000.",
                "68000.",
                "56000.",
                "56000.",
                "44000.",
                "44000.",
                "31000.",
                "31000.",
                "18000.",
                "18000.",
                " 0."
            ],
            "standard_name":"air_pressure",
            "stored_direction":"decreasing",
            "tolerance":"0.001",
            "type":"double",
            "units":"Pa",
            "valid_max":"",
            "valid_min":"",
            "value":"",
            "z_bounds_factors":"",
            "z_factors":""
        },
        "plev7c":{
            "axis":"Z",
            "bounds_values":"",
            "climatology":"",
            "formula":"",
            "long_name":"pressure",
            "must_have_bounds":"yes",
            "out_name":"plev",
            "positive":"down",
            "requested":[
                "90000.",
                "74000.",
                "62000.",
                "50000.",
                "37500.",
                "24500.",
                "9000."
            ],
            "requested_bounds":[
                "100000.0",
                "80000.0",
                "80000.0",
                "68000.0",
                "68000.0",
                "56000.0",
                "56000.0",
                "44000.0",
                "44000.0",
                "31000.0",
                "31000.0",
                "18000.0",
                "18000.0",
                "0.0"
            ],
            "standard_name":"air_pressure",
            "stored_direction":"decreasing",
            "tolerance":"",
            "type":"double",
            "units":"Pa",
            "valid_max":"",
            "valid_min":"",
            "value":"",
            "z_bounds_factors":"",
            "z_factors":""
        },
        "plev7h":{
            "axis":"Z",
            "bounds_values":"",
            "climatology":"",
            "formula":"",
            "long_name":"pressure",
            "must_have_bounds":"no",
            "out_name":"plev",
            "positive":"down",
            "requested":[
                "92500.",
                "85000.",
                "70000.",
                "60000.",
                "50000.",
                "25000.",
                "5000."
            ],
            "requested_bounds":"",
            "standard_name":"air_pressure",
            "stored_direction":"decreasing",
            "tolerance":"",
            "type":"double",
            "units":"Pa",
            "valid_max":"",
            "valid_min":"",
            "value":"",
            "z_bounds_factors":"",
            "z_factors":""
        },
        "plev8":{
            "axis":"Z",
            "bounds_values":"",
            "climatology":"",
            "formula":"",
            "long_name":"pressure",
            "must_have_bounds":"no",
            "out_name":"plev",
            "positive":"down",
            "requested":[
                "100000.",
                "85000.",
                "70000.",
                "50000.",
                "25000.",
                "10000.",
                "5000.",
                "1000."
            ],
            "requested_bounds":"",
            "standard_name":"air_pressure",
            "stored_direction":"decreasing",
            "tolerance":"",
            "type":"double",
            "units":"Pa",
            "valid_max":"",
            "valid_min":"",
            "value":"",
            "z_bounds_factors":"",
            "z_factors":""
        },
        "rho":{
            "axis":"Z",
            "bounds_values":"",
            "climatology":"",
            "formula":"",
            "long_name":"potential density referenced to 2000 dbar",
            "must_have_bounds":"yes",
            "out_name":"rho",
            "positive":"down",
            "requested":"",
            "requested_bounds":"",
            "standard_name":"sea_water_potential_density",
            "stored_direction":"increasing",
            "tolerance":"",
            "type":"double",
            "units":"kg m-3",
            "valid_max":"",
            "valid_min":"",
            "value":"",
            "z_bounds_factors":"",
            "z_factors":""
        },
        "scatratio":{
            "axis":"",
            "bounds_values":"",
            "climatology":"",
            "formula":"",
            "long_name":"lidar backscattering ratio",
            "must_have_bounds":"yes",
            "out_name":"scatratio",
            "positive":"",
            "requested":[
                "0.005",
                "0.605",
                "2.1",
                "4.",
                "6.",
                "8.5",
                "12.5",
                "17.5",
                "22.5",
                "27.5",
                "35.",
                "45.",
                "55.",
                "70.",
                "50040."
            ],
            "requested_bounds":[
                "0.0",
                "0.01",
                "0.01",
                "1.2",
                "1.2",
                "3.0",
                "3.0",
                "5.0",
                "5.0",
                "7.0",
                "7.0",
                "10.0",
                "10.0",
                "15.0",
                "15.0",
                "20.0",
                "20.0",
                "25.0",
                "25.0",
                "30.0",
                "30.0",
                "40.0",
                "40.0",
                "50.0",
                "50.0",
                "60.0",
                "60.0",
                "80.0",
                "80.0",
                "100000.0"
            ],
            "standard_name":"backscattering_ratio",
            "stored_direction":"increasing",
            "tolerance":"",
            "type":"double",
            "units":"1",
            "valid_max":"",
            "valid_min":"",
            "value":"",
            "z_bounds_factors":"",
            "z_factors":""
        },
        "sdepth":{
            "axis":"Z",
            "bounds_values":"",
            "climatology":"",
            "formula":"",
            "long_name":"depth",
            "must_have_bounds":"yes",
            "out_name":"depth",
            "positive":"down",
            "requested":"",
            "requested_bounds":"",
            "standard_name":"depth",
            "stored_direction":"increasing",
            "tolerance":"",
            "type":"double",
            "units":"m",
            "valid_max":"200.0",
            "valid_min":"0.0",
            "value":"",
            "z_bounds_factors":"",
            "z_factors":""
        },
        "sdepth1":{
            "axis":"Z",
            "bounds_values":"0.0 0.1",
            "climatology":"",
            "formula":"",
            "long_name":"depth",
            "must_have_bounds":"yes",
            "out_name":"depth",
            "positive":"down",
            "requested":"",
            "requested_bounds":"",
            "standard_name":"depth",
            "stored_direction":"increasing",
            "tolerance":"",
            "type":"double",
            "units":"m",
            "valid_max":"0.1",
            "valid_min":"0.0",
            "value":"0.05",
            "z_bounds_factors":"",
            "z_factors":""
        },
        "sdepth10":{
            "axis":"Z",
            "bounds_values":"0.0 1.0",
            "climatology":"",
            "formula":"",
            "long_name":"depth",
            "must_have_bounds":"yes",
            "out_name":"depth",
            "positive":"down",
            "requested":"",
            "requested_bounds":"",
            "standard_name":"depth",
            "stored_direction":"increasing",
            "tolerance":"",
            "type":"double",
            "units":"m",
            "valid_max":"1.0",
            "valid_min":"0.0",
            "value":"0.5",
            "z_bounds_factors":"",
            "z_factors":""
        },
        "siline":{
            "axis":"",
            "bounds_values":"",
            "climatology":"",
            "formula":"",
            "long_name":"ocean passage",
            "must_have_bounds":"no",
            "out_name":"line",
            "positive":"",
            "requested":[
                "fram_strait,",
                "canadian_archipelego,",
                "barents_opening,",
                "bering_strait"
            ],
            "requested_bounds":"",
            "standard_name":"region",
            "stored_direction":"",
            "tolerance":"",
            "type":"character",
            "units":"",
            "valid_max":"",
            "valid_min":"",
            "value":"",
            "z_bounds_factors":"",
            "z_factors":""
        },
        "site":{
            "axis":"",
            "bounds_values":"",
            "climatology":"",
            "formula":"",
            "long_name":"site index",
            "must_have_bounds":"no",
            "out_name":"site",
            "positive":"",
            "requested":"",
            "requested_bounds":"",
            "standard_name":"",
            "stored_direction":"",
            "tolerance":"",
            "type":"integer",
            "units":"",
            "valid_max":"",
            "valid_min":"",
            "value":"",
            "z_bounds_factors":"",
            "z_factors":""
        },
        "smooth_level":{
            "axis":"Z",
            "bounds_values":"",
            "climatology":"",
            "formula":"z = a*ztop + b1*zsurf1 + b2*zsurf2",
            "long_name":"atmosphere smooth level vertical (SLEVE) coordinate",
            "must_have_bounds":"yes",
            "out_name":"lev",
            "positive":"up",
            "requested":"",
            "requested_bounds":"",
            "standard_name":"atmosphere_sleve_coordinate",
            "stored_direction":"increasing",
            "tolerance":"",
            "type":"",
            "units":"m",
            "valid_max":"800000.0",
            "valid_min":"-200.0",
            "value":"",
            "z_bounds_factors":"a: a_bnds b1: b1_bnds b2: b2_bnds ztop: ztop zsurf1: zsurf1 zsurf2: zsurf2",
            "z_factors":"a: a b1: b1 b2: b2 ztop: ztop zsurf1: zsurf1 zsurf2: zsurf2"
        },
        "snowband":{
            "axis":"",
            "bounds_values":"",
            "climatology":"",
            "formula":"",
            "long_name":"Snow Depth Band",
            "must_have_bounds":"yes",
            "out_name":"snowband",
            "positive":"",
            "requested":"",
            "requested_bounds":"",
            "standard_name":"surface_snow_thickness",
            "stored_direction":"",
            "tolerance":"",
            "type":"double",
            "units":"m",
            "valid_max":"",
            "valid_min":"",
            "value":"",
            "z_bounds_factors":"",
            "z_factors":""
        },
        "snowdepth":{
            "axis":"Z",
            "bounds_values":"",
            "climatology":"",
            "formula":"",
            "long_name":"depth",
            "must_have_bounds":"yes",
            "out_name":"depth",
            "positive":"down",
            "requested":"",
            "requested_bounds":"",
            "standard_name":"depth",
            "stored_direction":"increasing",
            "tolerance":"",
            "type":"double",
            "units":"m",
            "valid_max":"200.0",
            "valid_min":"0.0",
            "value":"",
            "z_bounds_factors":"",
            "z_factors":""
        },
        "soilpools":{
            "axis":"",
            "bounds_values":"",
            "climatology":"",
            "formula":"",
            "long_name":"Soil Pools",
            "must_have_bounds":"no",
            "out_name":"soilpools",
            "positive":"",
            "requested":"",
            "requested_bounds":"",
            "standard_name":"",
            "stored_direction":"",
            "tolerance":"",
            "type":"character",
            "units":"",
            "valid_max":"",
            "valid_min":"",
            "value":"",
            "z_bounds_factors":"",
            "z_factors":""
        },
        "spectband":{
            "axis":"",
            "bounds_values":"",
            "climatology":"",
            "formula":"",
            "long_name":"Spectral Frequency Band",
            "must_have_bounds":"yes",
            "out_name":"spectband",
            "positive":"",
            "requested":"",
            "requested_bounds":"",
            "standard_name":"sensor_band_central_radiation_wavenumber",
            "stored_direction":"",
            "tolerance":"",
            "type":"double",
            "units":"m-1",
            "valid_max":"",
            "valid_min":"",
            "value":"",
            "z_bounds_factors":"",
            "z_factors":""
        },
        "standard_hybrid_sigma":{
            "axis":"Z",
            "bounds_values":"",
            "climatology":"",
            "formula":"p = a*p0 + b*ps",
            "long_name":"hybrid sigma pressure coordinate",
            "must_have_bounds":"yes",
            "out_name":"lev",
            "positive":"down",
            "requested":"",
            "requested_bounds":"",
            "standard_name":"atmosphere_hybrid_sigma_pressure_coordinate",
            "stored_direction":"decreasing",
            "tolerance":"",
            "type":"",
            "units":"1",
            "valid_max":"1.0",
            "valid_min":"0.0",
            "value":"",
            "z_bounds_factors":"p0: p0 a: a_bnds b: b_bnds ps: ps",
            "z_factors":"p0: p0 a: a b: b ps: ps"
        },
        "standard_sigma":{
            "axis":"Z",
            "bounds_values":"",
            "climatology":"",
            "formula":"p = ptop + sigma*(ps - ptop)",
            "long_name":"sigma coordinate",
            "must_have_bounds":"yes",
            "out_name":"lev",
            "positive":"down",
            "requested":"",
            "requested_bounds":"",
            "standard_name":"atmosphere_sigma_coordinate",
            "stored_direction":"decreasing",
            "tolerance":"",
            "type":"",
            "units":"",
            "valid_max":"1.0",
            "valid_min":"0.0",
            "value":"",
            "z_bounds_factors":"ptop: ptop sigma: lev_bnds ps: ps",
            "z_factors":"ptop: ptop sigma: lev ps: ps"
        },
        "sza5":{
            "axis":"",
            "bounds_values":"",
            "climatology":"",
            "formula":"",
            "long_name":"solar zenith angle",
            "must_have_bounds":"no",
            "out_name":"sza",
            "positive":"",
            "requested":[
                "0.",
                "20.",
                "40.",
                "60.",
                "80."
            ],
            "requested_bounds":"",
            "standard_name":"solar_zenith_angle",
            "stored_direction":"increasing",
            "tolerance":"",
            "type":"double",
            "units":"degree",
            "valid_max":"",
            "valid_min":"",
            "value":"",
            "z_bounds_factors":"",
            "z_factors":""
        },
        "tau":{
            "axis":"",
            "bounds_values":"",
            "climatology":"",
            "formula":"",
            "long_name":"cloud optical thickness",
            "must_have_bounds":"yes",
            "out_name":"tau",
            "positive":"",
            "requested":[
                "0.15",
                "0.8",
                "2.45",
                "6.5",
                "16.2",
                "41.5",
                "100."
            ],
            "requested_bounds":[
                "0.0",
                "0.3",
                "0.3",
                "1.3",
                "1.3",
                "3.6",
                "3.6",
                "9.4",
                "9.4",
                "23.0",
                "23.0",
                "60.0",
                "60.0",
                "100000.0"
            ],
            "standard_name":"atmosphere_optical_thickness_due_to_cloud",
            "stored_direction":"increasing",
            "tolerance":"",
            "type":"double",
            "units":"1",
            "valid_max":"",
            "valid_min":"",
            "value":"",
            "z_bounds_factors":"",
            "z_factors":""
        },
        "time":{
            "axis":"T",
            "bounds_values":"",
            "climatology":"",
            "formula":"",
            "long_name":"time",
            "must_have_bounds":"yes",
            "out_name":"time",
            "positive":"",
            "requested":"",
            "requested_bounds":"",
            "standard_name":"time",
            "stored_direction":"increasing",
            "tolerance":"",
            "type":"double",
            "units":"days since ?",
            "valid_max":"",
            "valid_min":"",
            "value":"",
            "z_bounds_factors":"",
            "z_factors":""
        },
        "time1":{
            "axis":"T",
            "bounds_values":"",
            "climatology":"",
            "formula":"",
            "long_name":"time",
            "must_have_bounds":"no",
            "out_name":"time",
            "positive":"",
            "requested":"",
            "requested_bounds":"",
            "standard_name":"time",
            "stored_direction":"increasing",
            "tolerance":"",
            "type":"double",
            "units":"days since ?",
            "valid_max":"",
            "valid_min":"",
            "value":"",
            "z_bounds_factors":"",
            "z_factors":""
        },
        "time2":{
            "axis":"T",
            "bounds_values":"",
            "climatology":"yes",
            "formula":"",
            "long_name":"time",
            "must_have_bounds":"yes",
            "out_name":"time",
            "positive":"",
            "requested":"",
            "requested_bounds":"",
            "standard_name":"time",
            "stored_direction":"increasing",
            "tolerance":"",
            "type":"double",
            "units":"days since ?",
            "valid_max":"",
            "valid_min":"",
            "value":"",
            "z_bounds_factors":"",
            "z_factors":""
        },
        "time3":{
            "axis":"T",
            "bounds_values":"",
            "climatology":"yes",
            "formula":"",
            "long_name":"time",
            "must_have_bounds":"yes",
            "out_name":"time",
            "positive":"",
            "requested":"",
            "requested_bounds":"",
            "standard_name":"time",
            "stored_direction":"increasing",
            "tolerance":"",
            "type":"double",
            "units":"days since ?",
            "valid_max":"",
            "valid_min":"",
            "value":"",
            "z_bounds_factors":"",
            "z_factors":""
        },
        "typebare":{
            "axis":"",
            "bounds_values":"",
            "climatology":"",
            "formula":"",
            "long_name":"surface type",
            "must_have_bounds":"no",
            "out_name":"type",
            "positive":"",
            "requested":"",
            "requested_bounds":"",
            "standard_name":"area_type",
            "stored_direction":"",
            "tolerance":"",
            "type":"character",
            "units":"",
            "valid_max":"",
            "valid_min":"",
            "value":"bare_ground",
            "z_bounds_factors":"",
            "z_factors":""
        },
        "typeburnt":{
            "axis":"",
            "bounds_values":"",
            "climatology":"",
            "formula":"",
            "long_name":"Burnt vegetation area type",
            "must_have_bounds":"no",
            "out_name":"type",
            "positive":"",
            "requested":"",
            "requested_bounds":"",
            "standard_name":"area_type",
            "stored_direction":"",
            "tolerance":"",
            "type":"character",
            "units":"",
            "valid_max":"",
            "valid_min":"",
            "value":"burnt_vegetation",
            "z_bounds_factors":"",
            "z_factors":""
        },
        "typec3pft":{
            "axis":"",
            "bounds_values":"",
            "climatology":"",
            "formula":"",
            "long_name":"surface type",
            "must_have_bounds":"no",
            "out_name":"type",
            "positive":"",
            "requested":"",
            "requested_bounds":"",
            "standard_name":"area_type",
            "stored_direction":"",
            "tolerance":"",
            "type":"character",
            "units":"",
            "valid_max":"",
            "valid_min":"",
            "value":"c3_plant_functional_types",
            "z_bounds_factors":"",
            "z_factors":""
        },
        "typec4pft":{
            "axis":"",
            "bounds_values":"",
            "climatology":"",
            "formula":"",
            "long_name":"surface type",
            "must_have_bounds":"no",
            "out_name":"type",
            "positive":"",
            "requested":"",
            "requested_bounds":"",
            "standard_name":"area_type",
            "stored_direction":"",
            "tolerance":"",
            "type":"character",
            "units":"",
            "valid_max":"",
            "valid_min":"",
            "value":"c4_plant_functional_types",
            "z_bounds_factors":"",
            "z_factors":""
        },
        "typecloud":{
            "axis":"",
            "bounds_values":"",
            "climatology":"",
            "formula":"",
            "long_name":"Cloud area type",
            "must_have_bounds":"no",
            "out_name":"type",
            "positive":"",
            "requested":"",
            "requested_bounds":"",
            "standard_name":"area_type",
            "stored_direction":"",
            "tolerance":"",
            "type":"character",
            "units":"",
            "valid_max":"",
            "valid_min":"",
            "value":"cloud",
            "z_bounds_factors":"",
            "z_factors":""
        },
        "typecrop":{
            "axis":"",
            "bounds_values":"",
            "climatology":"",
            "formula":"",
            "long_name":"Crop area type",
            "must_have_bounds":"no",
            "out_name":"type",
            "positive":"",
            "requested":"",
            "requested_bounds":"",
            "standard_name":"area_type",
            "stored_direction":"",
            "tolerance":"",
            "type":"character",
            "units":"",
            "valid_max":"",
            "valid_min":"",
            "value":"crops",
            "z_bounds_factors":"",
            "z_factors":""
        },
        "typefis":{
            "axis":"",
            "bounds_values":"",
            "climatology":"",
            "formula":"",
            "long_name":"Floating Ice Shelf area type",
            "must_have_bounds":"no",
            "out_name":"type",
            "positive":"",
            "requested":"",
            "requested_bounds":"",
            "standard_name":"area_type",
            "stored_direction":"",
            "tolerance":"",
            "type":"character",
            "units":"",
            "valid_max":"",
            "valid_min":"",
            "value":"floating_ice_shelf",
            "z_bounds_factors":"",
            "z_factors":""
        },
        "typegis":{
            "axis":"",
            "bounds_values":"",
            "climatology":"",
            "formula":"",
            "long_name":"Grounded Ice Sheet area type",
            "must_have_bounds":"no",
            "out_name":"type",
            "positive":"",
            "requested":"",
            "requested_bounds":"",
            "standard_name":"area_type",
            "stored_direction":"",
            "tolerance":"",
            "type":"character",
            "units":"",
            "valid_max":"",
            "valid_min":"",
            "value":"grounded_ice_sheet",
            "z_bounds_factors":"",
            "z_factors":""
        },
        "typeland":{
            "axis":"",
            "bounds_values":"",
            "climatology":"",
            "formula":"",
            "long_name":"Land area type",
            "must_have_bounds":"no",
            "out_name":"type",
            "positive":"",
            "requested":"",
            "requested_bounds":"",
            "standard_name":"area_type",
            "stored_direction":"",
            "tolerance":"",
            "type":"character",
            "units":"",
            "valid_max":"",
            "valid_min":"",
            "value":"land",
            "z_bounds_factors":"",
            "z_factors":""
        },
        "typeli":{
            "axis":"",
            "bounds_values":"",
            "climatology":"",
            "formula":"",
            "long_name":"Land Ice area type",
            "must_have_bounds":"no",
            "out_name":"type",
            "positive":"",
            "requested":"",
            "requested_bounds":"",
            "standard_name":"area_type",
            "stored_direction":"",
            "tolerance":"",
            "type":"character",
            "units":"",
            "valid_max":"",
            "valid_min":"",
            "value":"land_ice",
            "z_bounds_factors":"",
            "z_factors":""
        },
        "typemp":{
            "axis":"",
            "bounds_values":"",
            "climatology":"",
            "formula":"",
            "long_name":"Melt pond area type",
            "must_have_bounds":"no",
            "out_name":"type",
            "positive":"",
            "requested":"",
            "requested_bounds":"",
            "standard_name":"area_type",
            "stored_direction":"",
            "tolerance":"",
            "type":"character",
            "units":"",
            "valid_max":"",
            "valid_min":"",
            "value":"sea_ice_melt_pond",
            "z_bounds_factors":"",
            "z_factors":""
        },
        "typenatgr":{
            "axis":"",
            "bounds_values":"",
            "climatology":"",
            "formula":"",
            "long_name":"Natural grass area type",
            "must_have_bounds":"no",
            "out_name":"type",
            "positive":"",
            "requested":"",
            "requested_bounds":"",
            "standard_name":"area_type",
            "stored_direction":"",
            "tolerance":"",
            "type":"character",
            "units":"",
            "valid_max":"",
            "valid_min":"",
            "value":"natural_grasses",
            "z_bounds_factors":"",
            "z_factors":""
        },
        "typenwd":{
            "axis":"",
            "bounds_values":"",
            "climatology":"",
            "formula":"",
            "long_name":"Non-Woody Vegetation area type",
            "must_have_bounds":"no",
            "out_name":"type",
            "positive":"",
            "requested":"",
            "requested_bounds":"",
            "standard_name":"area_type",
            "stored_direction":"",
            "tolerance":"",
            "type":"character",
            "units":"",
            "valid_max":"",
            "valid_min":"",
            "value":"non_woody_vegetation",
            "z_bounds_factors":"",
            "z_factors":""
        },
        "typepasture":{
            "axis":"",
            "bounds_values":"",
            "climatology":"",
            "formula":"",
            "long_name":"Pasture area type",
            "must_have_bounds":"no",
            "out_name":"type",
            "positive":"",
            "requested":"",
            "requested_bounds":"",
            "standard_name":"area_type",
            "stored_direction":"",
            "tolerance":"",
            "type":"character",
            "units":"",
            "valid_max":"",
            "valid_min":"",
            "value":"pastures",
            "z_bounds_factors":"",
            "z_factors":""
        },
        "typepdec":{
            "axis":"",
            "bounds_values":"",
            "climatology":"",
            "formula":"",
            "long_name":"surface type",
            "must_have_bounds":"no",
            "out_name":"type",
            "positive":"",
            "requested":"",
            "requested_bounds":"",
            "standard_name":"area_type",
            "stored_direction":"",
            "tolerance":"",
            "type":"character",
            "units":"",
            "valid_max":"",
            "valid_min":"",
            "value":"primary_deciduous_trees",
            "z_bounds_factors":"",
            "z_factors":""
        },
        "typepever":{
            "axis":"",
            "bounds_values":"",
            "climatology":"",
            "formula":"",
            "long_name":"surface type",
            "must_have_bounds":"no",
            "out_name":"type",
            "positive":"",
            "requested":"",
            "requested_bounds":"",
            "standard_name":"area_type",
            "stored_direction":"",
            "tolerance":"",
            "type":"character",
            "units":"",
            "valid_max":"",
            "valid_min":"",
            "value":"primary_evergreen_trees",
            "z_bounds_factors":"",
            "z_factors":""
        },
        "typeresidual":{
            "axis":"",
            "bounds_values":"",
            "climatology":"",
            "formula":"",
            "long_name":"Residual area",
            "must_have_bounds":"no",
            "out_name":"type",
            "positive":"",
            "requested":"",
            "requested_bounds":"",
            "standard_name":"",
            "stored_direction":"",
            "tolerance":"",
            "type":"character",
            "units":"",
            "valid_max":"",
            "valid_min":"",
            "value":"residual",
            "z_bounds_factors":"",
            "z_factors":""
        },
        "typesdec":{
            "axis":"",
            "bounds_values":"",
            "climatology":"",
            "formula":"",
            "long_name":"surface type",
            "must_have_bounds":"no",
            "out_name":"type",
            "positive":"",
            "requested":"",
            "requested_bounds":"",
            "standard_name":"area_type",
            "stored_direction":"",
            "tolerance":"",
            "type":"character",
            "units":"",
            "valid_max":"",
            "valid_min":"",
            "value":"secondary_decidous_trees",
            "z_bounds_factors":"",
            "z_factors":""
        },
        "typesea":{
            "axis":"",
            "bounds_values":"",
            "climatology":"",
            "formula":"",
            "long_name":"Ocean area type",
            "must_have_bounds":"no",
            "out_name":"type",
            "positive":"",
            "requested":"",
            "requested_bounds":"",
            "standard_name":"area_type",
            "stored_direction":"",
            "tolerance":"",
            "type":"character",
            "units":"",
            "valid_max":"",
            "valid_min":"",
            "value":"sea",
            "z_bounds_factors":"",
            "z_factors":""
        },
        "typesever":{
            "axis":"",
            "bounds_values":"",
            "climatology":"",
            "formula":"",
            "long_name":"surface type",
            "must_have_bounds":"no",
            "out_name":"type",
            "positive":"",
            "requested":"",
            "requested_bounds":"",
            "standard_name":"area_type",
            "stored_direction":"",
            "tolerance":"",
            "type":"character",
            "units":"",
            "valid_max":"",
            "valid_min":"",
            "value":"secondary_evergreen_trees",
            "z_bounds_factors":"",
            "z_factors":""
        },
        "typeshrub":{
            "axis":"",
            "bounds_values":"",
            "climatology":"",
            "formula":"",
            "long_name":"Shrub area type",
            "must_have_bounds":"no",
            "out_name":"type",
            "positive":"",
            "requested":"",
            "requested_bounds":"",
            "standard_name":"area_type",
            "stored_direction":"",
            "tolerance":"",
            "type":"character",
            "units":"",
            "valid_max":"",
            "valid_min":"",
            "value":"shrubs",
            "z_bounds_factors":"",
            "z_factors":""
        },
        "typesi":{
            "axis":"",
            "bounds_values":"",
            "climatology":"",
            "formula":"",
            "long_name":"Sea Ice area type",
            "must_have_bounds":"no",
            "out_name":"type",
            "positive":"",
            "requested":"",
            "requested_bounds":"",
            "standard_name":"area_type",
            "stored_direction":"",
            "tolerance":"",
            "type":"character",
            "units":"",
            "valid_max":"",
            "valid_min":"",
            "value":"sea_ice",
            "z_bounds_factors":"",
            "z_factors":""
        },
        "typetree":{
            "axis":"",
            "bounds_values":"",
            "climatology":"",
            "formula":"",
            "long_name":"Tree area type",
            "must_have_bounds":"no",
            "out_name":"type",
            "positive":"",
            "requested":"",
            "requested_bounds":"",
            "standard_name":"area_type",
            "stored_direction":"",
            "tolerance":"",
            "type":"character",
            "units":"",
            "valid_max":"",
            "valid_min":"",
            "value":"trees",
            "z_bounds_factors":"",
            "z_factors":""
        },
        "typetreebd":{
            "axis":"",
            "bounds_values":"",
            "climatology":"",
            "formula":"",
            "long_name":"Tree area type (Broadleaf Deciduous)",
            "must_have_bounds":"no",
            "out_name":"type",
            "positive":"",
            "requested":"",
            "requested_bounds":"",
            "standard_name":"area_type",
            "stored_direction":"",
            "tolerance":"",
            "type":"character",
            "units":"",
            "valid_max":"",
            "valid_min":"",
            "value":"trees",
            "z_bounds_factors":"",
            "z_factors":""
        },
        "typetreebe":{
            "axis":"",
            "bounds_values":"",
            "climatology":"",
            "formula":"",
            "long_name":"Tree area type (Broadleaf Evergreen)",
            "must_have_bounds":"no",
            "out_name":"type",
            "positive":"",
            "requested":"",
            "requested_bounds":"",
            "standard_name":"area_type",
            "stored_direction":"",
            "tolerance":"",
            "type":"character",
            "units":"",
            "valid_max":"",
            "valid_min":"",
            "value":"trees",
            "z_bounds_factors":"",
            "z_factors":""
        },
        "typetreend":{
            "axis":"",
            "bounds_values":"",
            "climatology":"",
            "formula":"",
            "long_name":"Tree area type (Narrowleaf Deciduous)",
            "must_have_bounds":"no",
            "out_name":"type",
            "positive":"",
            "requested":"",
            "requested_bounds":"",
            "standard_name":"area_type",
            "stored_direction":"",
            "tolerance":"",
            "type":"character",
            "units":"",
            "valid_max":"",
            "valid_min":"",
            "value":"trees",
            "z_bounds_factors":"",
            "z_factors":""
        },
        "typetreene":{
            "axis":"",
            "bounds_values":"",
            "climatology":"",
            "formula":"",
            "long_name":"Tree area type (Narrowleaf Evergreen)",
            "must_have_bounds":"no",
            "out_name":"type",
            "positive":"",
            "requested":"",
            "requested_bounds":"",
            "standard_name":"area_type",
            "stored_direction":"",
            "tolerance":"",
            "type":"character",
            "units":"",
            "valid_max":"",
            "valid_min":"",
            "value":"trees",
            "z_bounds_factors":"",
            "z_factors":""
        },
        "typeveg":{
            "axis":"",
            "bounds_values":"",
            "climatology":"",
            "formula":"",
            "long_name":"Vegetation area type",
            "must_have_bounds":"no",
            "out_name":"type",
            "positive":"",
            "requested":"",
            "requested_bounds":"",
            "standard_name":"area_type",
            "stored_direction":"",
            "tolerance":"",
            "type":"character",
            "units":"",
            "valid_max":"",
            "valid_min":"",
            "value":"vegetation",
            "z_bounds_factors":"",
            "z_factors":""
        },
        "typewetla":{
            "axis":"",
            "bounds_values":"",
            "climatology":"",
            "formula":"",
            "long_name":"Wetland",
            "must_have_bounds":"no",
            "out_name":"type",
            "positive":"",
            "requested":"",
            "requested_bounds":"",
            "standard_name":"",
            "stored_direction":"",
            "tolerance":"",
            "type":"character",
            "units":"",
            "valid_max":"",
            "valid_min":"",
            "value":"wetlands",
            "z_bounds_factors":"",
            "z_factors":""
        },
        "vegtype":{
            "axis":"",
            "bounds_values":"",
            "climatology":"",
            "formula":"",
            "long_name":"Vegetation or Land Cover Type",
            "must_have_bounds":"no",
            "out_name":"type",
            "positive":"",
            "requested":"",
            "requested_bounds":"",
            "standard_name":"",
            "stored_direction":"",
            "tolerance":"",
            "type":"character",
            "units":"",
            "valid_max":"",
            "valid_min":"",
            "value":"",
            "z_bounds_factors":"",
            "z_factors":""
        },
        "xant":{
            "axis":"",
            "bounds_values":"",
            "climatology":"",
            "formula":"",
            "long_name":"__unset__",
            "must_have_bounds":"",
            "out_name":"xant",
            "positive":"",
            "requested":"",
            "requested_bounds":"",
            "standard_name":"projection_x_coordinate",
            "stored_direction":"",
            "tolerance":"",
            "type":"double",
            "units":"km",
            "valid_max":"",
            "valid_min":"",
            "value":"",
            "z_bounds_factors":"",
            "z_factors":""
        },
        "xgre":{
            "axis":"",
            "bounds_values":"",
            "climatology":"",
            "formula":"",
            "long_name":"__unset__",
            "must_have_bounds":"",
            "out_name":"xgre",
            "positive":"",
            "requested":"",
            "requested_bounds":"",
            "standard_name":"projection_x_coordinate",
            "stored_direction":"",
            "tolerance":"",
            "type":"double",
            "units":"km",
            "valid_max":"",
            "valid_min":"",
            "value":"",
            "z_bounds_factors":"",
            "z_factors":""
        },
        "yant":{
            "axis":"",
            "bounds_values":"",
            "climatology":"",
            "formula":"",
            "long_name":"__unset__",
            "must_have_bounds":"",
            "out_name":"yant",
            "positive":"",
            "requested":"",
            "requested_bounds":"",
            "standard_name":"projection_y_coordinate",
            "stored_direction":"",
            "tolerance":"",
            "type":"double",
            "units":"km",
            "valid_max":"",
            "valid_min":"",
            "value":"",
            "z_bounds_factors":"",
            "z_factors":""
        },
        "ygre":{
            "axis":"",
            "bounds_values":"",
            "climatology":"",
            "formula":"",
            "long_name":"__unset__",
            "must_have_bounds":"",
            "out_name":"ygre",
            "positive":"",
            "requested":"",
            "requested_bounds":"",
            "standard_name":"projection_y_coordinate",
            "stored_direction":"",
            "tolerance":"",
            "type":"double",
            "units":"km",
            "valid_max":"",
            "valid_min":"",
            "value":"",
            "z_bounds_factors":"",
            "z_factors":""
        }
    }
}