{
    "Header":{
        "Conventions":"CF-1.7 CMIP-6.2",
        "approx_interval":"30.00000",
        "cmor_version":"3.3",
        "data_specs_version":"01.00.23",
        "generic_levels":"olevel",
        "int_missing_value":"-999",
        "mip_era":"CMIP6",
        "missing_value":"1e20",
        "product":"input4MIPs",
        "realm":"ocean",
        "table_date":"04 April 2018",
        "table_id":"Table input4MIPs_OyrC"
    },
    "variable_entry":{
        "licalvf":{
            "cell_measures":"area: areacellg",
            "cell_methods":"area: time: mean where ice_sheet",
            "comment":"Loss of ice mass resulting from iceberg calving. Computed as the rate of mass loss by the ice shelf (in kg s-1) divided by the horizontal area of the ice sheet (m2) in the grid box.",
            "dimensions":"longitude latitude time2",
            "frequency":"yrC",
            "long_name":"Land ice calving flux",
            "modeling_realm":"landIce",
            "ok_max_mean_abs":"",
            "ok_min_mean_abs":"",
            "out_name":"licalvf",
            "positive":"",
            "standard_name":"land_ice_specific_mass_flux_due_to_calving",
            "type":"real",
            "units":"kg m-2 s-1",
            "valid_max":"",
            "valid_min":""
        }
    }
}