{
    "Header":{
        "Conventions":"CF-1.7 CMIP-6.2",
        "approx_interval":"30.00000",
        "cmor_version":"3.3",
        "data_specs_version":"01.00.23",
        "generic_levels":"olevel",
        "int_missing_value":"-999",
        "mip_era":"CMIP6",
        "missing_value":"1e20",
        "product":"input4MIPs",
        "realm":"ocean",
        "table_date":"30 May 2018",
        "table_id":"Table input4MIPs_OyrC"
    },
    "variable_entry":{
        "uo":{
            "cell_measures":"--OPT",
            "cell_methods":"area: mean where sea time: mean",
            "comment":"Prognostic x-ward velocity component resolved by the model",
            "dimensions":"longitude latitude olevel time2",
            "frequency":"yrC",
            "long_name":"Sea Water X Velocity",
            "modeling_realm":"ocean",
            "ok_max_mean_abs":"",
            "ok_min_mean_abs":"",
            "out_name":"uo",
            "positive":"",
            "standard_name":"sea_water_x_velocity",
            "type":"real",
            "units":"m s-1",
            "valid_max":"",
            "valid_min":""
        },
        "vo":{
            "cell_measures":"--OPT",
            "cell_methods":"area: mean where sea time: mean",
            "comment":"Prognostic y-ward velocity component resolved by the model",
            "dimensions":"longitude latitude olevel time2",
            "frequency":"yrC",
            "long_name":"Sea Water Y Velocity",
            "modeling_realm":"ocean",
            "ok_max_mean_abs":"",
            "ok_min_mean_abs":"",
            "out_name":"vo",
            "positive":"",
            "standard_name":"sea_water_y_velocity",
            "type":"real",
            "units":"m s-1",
            "valid_max":"",
            "valid_min":""
        }
    }
}