{
    "formula_entry":{
        "a":{
            "dimensions":"alevel",
            "long_name":"vertical coordinate formula term: a(k)",
            "out_name":"a",
            "type":"double",
            "units":""
        },
        "a_bnds":{
            "dimensions":"alevel",
            "long_name":"vertical coordinate formula term: a(k+1/2)",
            "out_name":"a_bnds",
            "type":"double",
            "units":""
        },
        "ap":{
            "dimensions":"alevel",
            "long_name":"vertical coordinate formula term: ap(k)",
            "out_name":"ap",
            "type":"double",
            "units":"Pa"
        },
        "ap_bnds":{
            "dimensions":"alevel",
            "long_name":"vertical coordinate formula term: ap(k+1/2)",
            "out_name":"ap_bnds",
            "type":"double",
            "units":"Pa"
        },
        "b":{
            "dimensions":"alevel",
            "long_name":"vertical coordinate formula term: b(k)",
            "out_name":"b",
            "type":"double",
            "units":""
        },
        "b_bnds":{
            "dimensions":"alevel",
            "long_name":"vertical coordinate formula term: b(k+1/2)",
            "out_name":"b_bnds",
            "type":"double",
            "units":""
        },
        "depth":{
            "dimensions":"longitude latitude",
            "long_name":"Sea Floor Depth: formula term: thetao",
            "out_name":"depth",
            "type":"real",
            "units":"m"
        },
        "depth_c":{
            "dimensions":"",
            "long_name":"vertical coordinate formula term: depth_c",
            "out_name":"depth_c",
            "type":"double",
            "units":""
        },
        "eta":{
            "dimensions":"longitude latitude time",
            "long_name":"Sea Surface Height formula term: thetao",
            "out_name":"eta",
            "type":"real",
            "units":"m"
        },
        "eta2":{
            "dimensions":"longitude latitude time2",
            "long_name":"Sea Surface Height formula term: thetao",
            "out_name":"eta",
            "type":"real",
            "units":"m"
        },
        "href":{
            "dimensions":"",
            "long_name":"vertical coordinate formula term: href",
            "out_name":"href",
            "type":"double",
            "units":""
        },
        "k_c":{
            "dimensions":"",
            "long_name":"vertical coordinate formula term: k_c",
            "out_name":"k_c",
            "type":"integer",
            "units":""
        },
        "nsigma":{
            "dimensions":"",
            "long_name":"vertical coordinate formula term: nsigma",
            "out_name":"nsigma",
            "type":"integer",
            "units":""
        },
        "orog":{
            "dimensions":"longitude latitude",
            "long_name":"Surface Altitude",
            "out_name":"orog",
            "type":"real",
            "units":"m"
        },
        "p0":{
            "dimensions":"",
            "long_name":"vertical coordinate formula term: reference pressure",
            "out_name":"p0",
            "type":"",
            "units":"Pa"
        },
        "ps":{
            "dimensions":"longitude latitude time",
            "long_name":"Surface Air Pressure",
            "out_name":"ps",
            "type":"real",
            "units":"Pa"
        },
        "ps1":{
            "dimensions":"longitude latitude time1",
            "long_name":"vertical coordinate formula term: ps",
            "out_name":"ps",
            "type":"real",
            "units":"Pa"
        },
        "ps2":{
            "dimensions":"longitude latitude time2",
            "long_name":"vertical coordinate formula term: ps",
            "out_name":"ps",
            "type":"real",
            "units":"Pa"
        },
        "ptop":{
            "dimensions":"",
            "long_name":"pressure at top of model",
            "out_name":"ptop",
            "type":"",
            "units":"Pa"
        },
        "sigma":{
            "dimensions":"olevel",
            "long_name":"vertical coordinate formula term: sigma(k)",
            "out_name":"sigma",
            "type":"double",
            "units":""
        },
        "sigma_bnds":{
            "dimensions":"olevel",
            "long_name":"vertical coordinate formula term: sigma(k+1/2)",
            "out_name":"sigma_bnds",
            "type":"double",
            "units":""
        },
        "z1":{
            "dimensions":"",
            "long_name":"vertical coordinate formula term: z1",
            "out_name":"z1",
            "type":"double",
            "units":""
        },
        "z2":{
            "dimensions":"",
            "long_name":"vertical coordinate formula term: z2",
            "out_name":"z2",
            "type":"double",
            "units":""
        },
        "zlev":{
            "dimensions":"olevel",
            "long_name":"vertical coordinate formula term: zlev(k)",
            "out_name":"zlev",
            "type":"double",
            "units":""
        },
        "zlev_bnds":{
            "dimensions":"olevel",
            "long_name":"vertical coordinate formula term: zlev(k+1/2)",
            "out_name":"zlev_bnds",
            "type":"double",
            "units":""
        },
        "ztop":{
            "dimensions":"",
            "long_name":"height of top of model",
            "out_name":"ztop",
            "type":"",
            "units":"m"
        }
    }
}